[2026-04-28 09:56:43,231: INFO/Beat] beat: Starting...
[2026-04-28 09:56:43,267: INFO/Beat] Scheduler: Sending due task probe_devices_every_30s (tasks.probe_devices)
[2026-04-28 09:56:43,314: INFO/MainProcess] Connected to redis://127.0.0.1:6379/0
[2026-04-28 09:56:43,318: INFO/MainProcess] mingle: searching for neighbors
[2026-04-28 09:56:44,331: INFO/MainProcess] mingle: all alone
[2026-04-28 09:56:44,353: INFO/MainProcess] celery@MacBook-Pro-2.local ready.
[2026-04-28 09:56:44,356: INFO/MainProcess] Task tasks.probe_devices[abecc00e-f514-4a4d-a834-0341e7a8c5c4] received
[2026-04-28 09:56:44,419: INFO/ForkPoolWorker-2] Task tasks.probe_devices[abecc00e-f514-4a4d-a834-0341e7a8c5c4] succeeded in 0.061993667000000086s: {'total': 1, 'ok': 1, 'fail': 0, 'turned_offline': [], 'recovered': []}
[2026-04-28 09:57:13,256: INFO/Beat] Scheduler: Sending due task probe_devices_every_30s (tasks.probe_devices)
[2026-04-28 09:57:13,262: INFO/MainProcess] Task tasks.probe_devices[501a7d3f-cdae-4dd7-9472-c580ffec99bb] received
[2026-04-28 09:57:13,287: INFO/ForkPoolWorker-2] Task tasks.probe_devices[501a7d3f-cdae-4dd7-9472-c580ffec99bb] succeeded in 0.024141374999999243s: {'total': 1, 'ok': 1, 'fail': 0, 'turned_offline': [], 'recovered': []}
[2026-04-28 09:57:43,256: INFO/Beat] Scheduler: Sending due task probe_devices_every_30s (tasks.probe_devices)
[2026-04-28 09:57:43,264: INFO/MainProcess] Task tasks.probe_devices[b995ef9f-b389-43cd-941d-0aa5ab01a70e] received
[2026-04-28 09:57:43,288: INFO/ForkPoolWorker-2] Task tasks.probe_devices[b995ef9f-b389-43cd-941d-0aa5ab01a70e] succeeded in 0.023550416999995605s: {'total': 1, 'ok': 1, 'fail': 0, 'turned_offline': [], 'recovered': []}
[2026-04-28 09:58:13,256: INFO/Beat] Scheduler: Sending due task probe_devices_every_30s (tasks.probe_devices)
[2026-04-28 09:58:13,262: INFO/MainProcess] Task tasks.probe_devices[7c794f1f-3343-401b-964e-036169ae588f] received
[2026-04-28 09:58:13,285: INFO/ForkPoolWorker-2] Task tasks.probe_devices[7c794f1f-3343-401b-964e-036169ae588f] succeeded in 0.0222228750000113s: {'total': 1, 'ok': 1, 'fail': 0, 'turned_offline': [], 'recovered': []}
[2026-04-28 09:58:43,256: INFO/Beat] Scheduler: Sending due task probe_devices_every_30s (tasks.probe_devices)
[2026-04-28 09:58:43,261: INFO/MainProcess] Task tasks.probe_devices[18a96c15-99a6-4592-8f23-0a76acf844d3] received
[2026-04-28 09:58:43,284: INFO/ForkPoolWorker-2] Task tasks.probe_devices[18a96c15-99a6-4592-8f23-0a76acf844d3] succeeded in 0.022913625000001048s: {'total': 1, 'ok': 1, 'fail': 0, 'turned_offline': [], 'recovered': []}
[2026-04-28 09:59:13,256: INFO/Beat] Scheduler: Sending due task probe_devices_every_30s (tasks.probe_devices)
[2026-04-28 09:59:13,262: INFO/MainProcess] Task tasks.probe_devices[59aea739-9aee-47b4-af75-a1585e21d862] received
[2026-04-28 09:59:13,285: INFO/ForkPoolWorker-2] Task tasks.probe_devices[59aea739-9aee-47b4-af75-a1585e21d862] succeeded in 0.022714124999993146s: {'total': 1, 'ok': 1, 'fail': 0, 'turned_offline': [], 'recovered': []}
[2026-04-28 09:59:43,256: INFO/Beat] Scheduler: Sending due task probe_devices_every_30s (tasks.probe_devices)
[2026-04-28 09:59:43,265: INFO/MainProcess] Task tasks.probe_devices[218c566e-adba-492e-afc7-6e4a9075518c] received
[2026-04-28 09:59:43,293: INFO/ForkPoolWorker-2] Task tasks.probe_devices[218c566e-adba-492e-afc7-6e4a9075518c] succeeded in 0.02763587499998721s: {'total': 1, 'ok': 1, 'fail': 0, 'turned_offline': [], 'recovered': []}
[2026-04-28 10:00:13,256: INFO/Beat] Scheduler: Sending due task probe_devices_every_30s (tasks.probe_devices)
[2026-04-28 10:00:13,261: INFO/MainProcess] Task tasks.probe_devices[d7087f0d-d309-4e99-b35b-6437564abb8b] received
[2026-04-28 10:00:13,284: INFO/ForkPoolWorker-2] Task tasks.probe_devices[d7087f0d-d309-4e99-b35b-6437564abb8b] succeeded in 0.023299167000004672s: {'total': 1, 'ok': 1, 'fail': 0, 'turned_offline': [], 'recovered': []}
[2026-04-28 10:00:43,256: INFO/Beat] Scheduler: Sending due task probe_devices_every_30s (tasks.probe_devices)
[2026-04-28 10:00:43,268: INFO/MainProcess] Task tasks.probe_devices[be7b5c8d-4443-4a6a-beb5-ae19ca9f2f10] received
[2026-04-28 10:00:43,295: INFO/ForkPoolWorker-2] Task tasks.probe_devices[be7b5c8d-4443-4a6a-beb5-ae19ca9f2f10] succeeded in 0.026553917000001093s: {'total': 1, 'ok': 1, 'fail': 0, 'turned_offline': [], 'recovered': []}
[2026-04-28 10:01:13,256: INFO/Beat] Scheduler: Sending due task probe_devices_every_30s (tasks.probe_devices)
[2026-04-28 10:01:13,262: INFO/MainProcess] Task tasks.probe_devices[7e1d844a-e3c3-4f49-b1c9-6378bec9cdc2] received
[2026-04-28 10:01:13,287: INFO/ForkPoolWorker-2] Task tasks.probe_devices[7e1d844a-e3c3-4f49-b1c9-6378bec9cdc2] succeeded in 0.025028666999958205s: {'total': 1, 'ok': 1, 'fail': 0, 'turned_offline': [], 'recovered': []}
[2026-04-28 10:01:43,256: INFO/Beat] Scheduler: Sending due task probe_devices_every_30s (tasks.probe_devices)
[2026-04-28 10:01:43,260: INFO/MainProcess] Task tasks.probe_devices[fe6a2e6a-151a-40c1-9b5b-591b0827ce80] received
[2026-04-28 10:01:43,287: INFO/ForkPoolWorker-2] Task tasks.probe_devices[fe6a2e6a-151a-40c1-9b5b-591b0827ce80] succeeded in 0.02630458300001237s: {'total': 1, 'ok': 1, 'fail': 0, 'turned_offline': [], 'recovered': []}
[2026-04-28 10:02:13,256: INFO/Beat] Scheduler: Sending due task probe_devices_every_30s (tasks.probe_devices)
[2026-04-28 10:02:13,262: INFO/MainProcess] Task tasks.probe_devices[64dd83bd-c2c7-40d3-ac4b-9575b4cdc9a5] received
[2026-04-28 10:02:13,285: INFO/ForkPoolWorker-2] Task tasks.probe_devices[64dd83bd-c2c7-40d3-ac4b-9575b4cdc9a5] succeeded in 0.022141667000028065s: {'total': 1, 'ok': 1, 'fail': 0, 'turned_offline': [], 'recovered': []}
[2026-04-28 10:02:43,256: INFO/Beat] Scheduler: Sending due task probe_devices_every_30s (tasks.probe_devices)
[2026-04-28 10:02:43,261: INFO/MainProcess] Task tasks.probe_devices[047bbf16-3258-41c6-9f5a-4f5242cfce21] received
[2026-04-28 10:02:43,285: INFO/ForkPoolWorker-2] Task tasks.probe_devices[047bbf16-3258-41c6-9f5a-4f5242cfce21] succeeded in 0.022850207999965733s: {'total': 1, 'ok': 1, 'fail': 0, 'turned_offline': [], 'recovered': []}
[2026-04-28 10:03:13,256: INFO/Beat] Scheduler: Sending due task probe_devices_every_30s (tasks.probe_devices)
[2026-04-28 10:03:13,263: INFO/MainProcess] Task tasks.probe_devices[7a17081d-88a1-4664-9b21-8e952bd53909] received
[2026-04-28 10:03:13,288: INFO/ForkPoolWorker-2] Task tasks.probe_devices[7a17081d-88a1-4664-9b21-8e952bd53909] succeeded in 0.024211874999991778s: {'total': 1, 'ok': 1, 'fail': 0, 'turned_offline': [], 'recovered': []}
[2026-04-28 10:03:43,256: INFO/Beat] Scheduler: Sending due task probe_devices_every_30s (tasks.probe_devices)
[2026-04-28 10:03:43,262: INFO/MainProcess] Task tasks.probe_devices[c947b19d-1f9d-45bd-93ad-b8a06c9b11f7] received
[2026-04-28 10:03:43,286: INFO/ForkPoolWorker-2] Task tasks.probe_devices[c947b19d-1f9d-45bd-93ad-b8a06c9b11f7] succeeded in 0.02357670800000733s: {'total': 1, 'ok': 1, 'fail': 0, 'turned_offline': [], 'recovered': []}
[2026-04-28 10:04:13,256: INFO/Beat] Scheduler: Sending due task probe_devices_every_30s (tasks.probe_devices)
[2026-04-28 10:04:13,263: INFO/MainProcess] Task tasks.probe_devices[f1e577cd-1b93-44a2-9f4a-e6941277873f] received
[2026-04-28 10:04:13,287: INFO/ForkPoolWorker-2] Task tasks.probe_devices[f1e577cd-1b93-44a2-9f4a-e6941277873f] succeeded in 0.02351233299998512s: {'total': 1, 'ok': 1, 'fail': 0, 'turned_offline': [], 'recovered': []}
[2026-04-28 10:04:43,256: INFO/Beat] Scheduler: Sending due task probe_devices_every_30s (tasks.probe_devices)
[2026-04-28 10:04:43,263: INFO/MainProcess] Task tasks.probe_devices[18624e6e-cb33-4cd6-ab73-55d4a50ca96e] received
[2026-04-28 10:04:43,288: INFO/ForkPoolWorker-2] Task tasks.probe_devices[18624e6e-cb33-4cd6-ab73-55d4a50ca96e] succeeded in 0.02361304199996539s: {'total': 1, 'ok': 1, 'fail': 0, 'turned_offline': [], 'recovered': []}
[2026-04-28 10:05:13,256: INFO/Beat] Scheduler: Sending due task probe_devices_every_30s (tasks.probe_devices)
[2026-04-28 10:05:13,263: INFO/MainProcess] Task tasks.probe_devices[2c6a225c-67d5-4db6-97dd-c61f4df96820] received
[2026-04-28 10:05:13,290: INFO/ForkPoolWorker-2] Task tasks.probe_devices[2c6a225c-67d5-4db6-97dd-c61f4df96820] succeeded in 0.02610904099998379s: {'total': 1, 'ok': 1, 'fail': 0, 'turned_offline': [], 'recovered': []}
[2026-04-28 10:05:43,256: INFO/Beat] Scheduler: Sending due task probe_devices_every_30s (tasks.probe_devices)
[2026-04-28 10:05:43,262: INFO/MainProcess] Task tasks.probe_devices[d28e8da6-a0d4-4d36-b5de-f76b68feeecb] received
[2026-04-28 10:05:43,288: INFO/ForkPoolWorker-2] Task tasks.probe_devices[d28e8da6-a0d4-4d36-b5de-f76b68feeecb] succeeded in 0.025729624999939915s: {'total': 1, 'ok': 1, 'fail': 0, 'turned_offline': [], 'recovered': []}
[2026-04-28 10:06:13,256: INFO/Beat] Scheduler: Sending due task probe_devices_every_30s (tasks.probe_devices)
[2026-04-28 10:06:13,264: INFO/MainProcess] Task tasks.probe_devices[597d7a5c-9ded-4015-9be3-412fda8d3384] received
[2026-04-28 10:06:13,288: INFO/ForkPoolWorker-2] Task tasks.probe_devices[597d7a5c-9ded-4015-9be3-412fda8d3384] succeeded in 0.023535124999966683s: {'total': 1, 'ok': 1, 'fail': 0, 'turned_offline': [], 'recovered': []}
[2026-04-28 10:06:43,256: INFO/Beat] Scheduler: Sending due task probe_devices_every_30s (tasks.probe_devices)
[2026-04-28 10:06:43,261: INFO/MainProcess] Task tasks.probe_devices[92e5be31-fa10-40d5-b35a-32ab402e3a7c] received
[2026-04-28 10:06:43,284: INFO/ForkPoolWorker-2] Task tasks.probe_devices[92e5be31-fa10-40d5-b35a-32ab402e3a7c] succeeded in 0.02217870899994523s: {'total': 1, 'ok': 1, 'fail': 0, 'turned_offline': [], 'recovered': []}
[2026-04-28 10:07:13,256: INFO/Beat] Scheduler: Sending due task probe_devices_every_30s (tasks.probe_devices)
[2026-04-28 10:07:13,266: INFO/MainProcess] Task tasks.probe_devices[23010a00-018f-4551-b18d-92c07a9dc8c9] received
[2026-04-28 10:07:13,292: INFO/ForkPoolWorker-2] Task tasks.probe_devices[23010a00-018f-4551-b18d-92c07a9dc8c9] succeeded in 0.025123541999960253s: {'total': 1, 'ok': 1, 'fail': 0, 'turned_offline': [], 'recovered': []}
[2026-04-28 10:07:43,256: INFO/Beat] Scheduler: Sending due task probe_devices_every_30s (tasks.probe_devices)
[2026-04-28 10:07:43,265: INFO/MainProcess] Task tasks.probe_devices[2adfff20-9e82-47d2-ba3a-c97c41bb1a3f] received
[2026-04-28 10:07:43,293: INFO/ForkPoolWorker-2] Task tasks.probe_devices[2adfff20-9e82-47d2-ba3a-c97c41bb1a3f] succeeded in 0.026952042000061738s: {'total': 1, 'ok': 1, 'fail': 0, 'turned_offline': [], 'recovered': []}
[2026-04-28 10:08:13,256: INFO/Beat] Scheduler: Sending due task probe_devices_every_30s (tasks.probe_devices)
[2026-04-28 10:08:13,266: INFO/MainProcess] Task tasks.probe_devices[c9691e92-e390-43eb-a0ac-c5ddd30de467] received
[2026-04-28 10:08:13,291: INFO/ForkPoolWorker-2] Task tasks.probe_devices[c9691e92-e390-43eb-a0ac-c5ddd30de467] succeeded in 0.02459899999996651s: {'total': 1, 'ok': 1, 'fail': 0, 'turned_offline': [], 'recovered': []}
[2026-04-28 10:08:43,256: INFO/Beat] Scheduler: Sending due task probe_devices_every_30s (tasks.probe_devices)
[2026-04-28 10:08:43,265: INFO/MainProcess] Task tasks.probe_devices[e21cd132-2e16-44bf-9ce7-91e9acec38f7] received
[2026-04-28 10:08:43,289: INFO/ForkPoolWorker-2] Task tasks.probe_devices[e21cd132-2e16-44bf-9ce7-91e9acec38f7] succeeded in 0.023610791999999492s: {'total': 1, 'ok': 1, 'fail': 0, 'turned_offline': [], 'recovered': []}
[2026-04-28 10:09:13,256: INFO/Beat] Scheduler: Sending due task probe_devices_every_30s (tasks.probe_devices)
[2026-04-28 10:09:13,262: INFO/MainProcess] Task tasks.probe_devices[c3ac9f4b-0b39-4979-a15d-9ea99a3ed455] received
[2026-04-28 10:09:13,286: INFO/ForkPoolWorker-2] Task tasks.probe_devices[c3ac9f4b-0b39-4979-a15d-9ea99a3ed455] succeeded in 0.023258375000068554s: {'total': 1, 'ok': 1, 'fail': 0, 'turned_offline': [], 'recovered': []}
[2026-04-28 10:09:43,256: INFO/Beat] Scheduler: Sending due task probe_devices_every_30s (tasks.probe_devices)
[2026-04-28 10:09:43,265: INFO/MainProcess] Task tasks.probe_devices[d6a544a4-2c43-4885-af38-29bd03b66619] received
[2026-04-28 10:09:43,291: INFO/ForkPoolWorker-2] Task tasks.probe_devices[d6a544a4-2c43-4885-af38-29bd03b66619] succeeded in 0.024833959000034156s: {'total': 1, 'ok': 1, 'fail': 0, 'turned_offline': [], 'recovered': []}
[2026-04-28 10:10:13,256: INFO/Beat] Scheduler: Sending due task probe_devices_every_30s (tasks.probe_devices)
[2026-04-28 10:10:13,263: INFO/MainProcess] Task tasks.probe_devices[91efb0d7-e5d0-47e1-9ee0-569166829d94] received
[2026-04-28 10:10:13,288: INFO/ForkPoolWorker-2] Task tasks.probe_devices[91efb0d7-e5d0-47e1-9ee0-569166829d94] succeeded in 0.024492624999993495s: {'total': 1, 'ok': 1, 'fail': 0, 'turned_offline': [], 'recovered': []}
[2026-04-28 10:10:43,256: INFO/Beat] Scheduler: Sending due task probe_devices_every_30s (tasks.probe_devices)
[2026-04-28 10:10:43,264: INFO/MainProcess] Task tasks.probe_devices[ee7fd6a0-8f2b-479c-9fe3-5048bcf3b7e3] received
[2026-04-28 10:10:43,290: INFO/ForkPoolWorker-2] Task tasks.probe_devices[ee7fd6a0-8f2b-479c-9fe3-5048bcf3b7e3] succeeded in 0.02558616700002858s: {'total': 1, 'ok': 1, 'fail': 0, 'turned_offline': [], 'recovered': []}
[2026-04-28 10:11:13,256: INFO/Beat] Scheduler: Sending due task probe_devices_every_30s (tasks.probe_devices)
[2026-04-28 10:11:13,271: INFO/MainProcess] Task tasks.probe_devices[5ba0b73f-99cb-41fe-bb9f-e46b62ede328] received
[2026-04-28 10:11:13,300: INFO/ForkPoolWorker-2] Task tasks.probe_devices[5ba0b73f-99cb-41fe-bb9f-e46b62ede328] succeeded in 0.027762875000007625s: {'total': 1, 'ok': 1, 'fail': 0, 'turned_offline': [], 'recovered': []}
[2026-04-28 10:11:43,256: INFO/Beat] Scheduler: Sending due task probe_devices_every_30s (tasks.probe_devices)
[2026-04-28 10:11:43,262: INFO/MainProcess] Task tasks.probe_devices[4ffe63ab-4051-4561-8b7e-bb8511be58ce] received
[2026-04-28 10:11:43,288: INFO/ForkPoolWorker-2] Task tasks.probe_devices[4ffe63ab-4051-4561-8b7e-bb8511be58ce] succeeded in 0.025021666000043297s: {'total': 1, 'ok': 1, 'fail': 0, 'turned_offline': [], 'recovered': []}
[2026-04-28 10:12:13,256: INFO/Beat] Scheduler: Sending due task probe_devices_every_30s (tasks.probe_devices)
[2026-04-28 10:12:13,264: INFO/MainProcess] Task tasks.probe_devices[a2292f26-878e-4f9e-a714-9f8b16824a08] received
[2026-04-28 10:12:13,289: INFO/ForkPoolWorker-2] Task tasks.probe_devices[a2292f26-878e-4f9e-a714-9f8b16824a08] succeeded in 0.024856832999944345s: {'total': 1, 'ok': 1, 'fail': 0, 'turned_offline': [], 'recovered': []}
[2026-04-28 10:12:43,256: INFO/Beat] Scheduler: Sending due task probe_devices_every_30s (tasks.probe_devices)
[2026-04-28 10:12:43,264: INFO/MainProcess] Task tasks.probe_devices[89cb4b88-0f43-4351-8ba4-60a35c5ecbd5] received
[2026-04-28 10:12:43,293: INFO/ForkPoolWorker-2] Task tasks.probe_devices[89cb4b88-0f43-4351-8ba4-60a35c5ecbd5] succeeded in 0.027992832999984785s: {'total': 1, 'ok': 1, 'fail': 0, 'turned_offline': [], 'recovered': []}
[2026-04-28 10:13:13,256: INFO/Beat] Scheduler: Sending due task probe_devices_every_30s (tasks.probe_devices)
[2026-04-28 10:13:13,263: INFO/MainProcess] Task tasks.probe_devices[f21a4fd9-1545-405a-acda-1b5277e68eea] received
[2026-04-28 10:13:13,289: INFO/ForkPoolWorker-2] Task tasks.probe_devices[f21a4fd9-1545-405a-acda-1b5277e68eea] succeeded in 0.025128208000069208s: {'total': 1, 'ok': 1, 'fail': 0, 'turned_offline': [], 'recovered': []}
[2026-04-28 10:13:43,256: INFO/Beat] Scheduler: Sending due task probe_devices_every_30s (tasks.probe_devices)
[2026-04-28 10:13:43,266: INFO/MainProcess] Task tasks.probe_devices[ade9d3df-9110-4301-87de-287422d33f07] received
[2026-04-28 10:13:43,291: INFO/ForkPoolWorker-2] Task tasks.probe_devices[ade9d3df-9110-4301-87de-287422d33f07] succeeded in 0.02503279199993358s: {'total': 1, 'ok': 1, 'fail': 0, 'turned_offline': [], 'recovered': []}
[2026-04-28 10:14:13,256: INFO/Beat] Scheduler: Sending due task probe_devices_every_30s (tasks.probe_devices)
[2026-04-28 10:14:13,263: INFO/MainProcess] Task tasks.probe_devices[1b6af8c1-a231-40cb-92df-1f5b43a9d00e] received
[2026-04-28 10:14:13,289: INFO/ForkPoolWorker-2] Task tasks.probe_devices[1b6af8c1-a231-40cb-92df-1f5b43a9d00e] succeeded in 0.025702041999920766s: {'total': 1, 'ok': 1, 'fail': 0, 'turned_offline': [], 'recovered': []}
[2026-04-28 10:14:43,257: INFO/Beat] Scheduler: Sending due task probe_devices_every_30s (tasks.probe_devices)
[2026-04-28 10:14:43,265: INFO/MainProcess] Task tasks.probe_devices[d5ac2dd2-c415-4967-ac40-2ef679e48656] received
[2026-04-28 10:14:43,289: INFO/ForkPoolWorker-2] Task tasks.probe_devices[d5ac2dd2-c415-4967-ac40-2ef679e48656] succeeded in 0.023498625000001994s: {'total': 1, 'ok': 1, 'fail': 0, 'turned_offline': [], 'recovered': []}
[2026-04-28 10:15:13,257: INFO/Beat] Scheduler: Sending due task probe_devices_every_30s (tasks.probe_devices)
[2026-04-28 10:15:13,262: INFO/MainProcess] Task tasks.probe_devices[c7fd9ce0-794c-4189-a395-6a7b081ab8fa] received
[2026-04-28 10:15:13,287: INFO/ForkPoolWorker-2] Task tasks.probe_devices[c7fd9ce0-794c-4189-a395-6a7b081ab8fa] succeeded in 0.02422066700000869s: {'total': 1, 'ok': 1, 'fail': 0, 'turned_offline': [], 'recovered': []}
[2026-04-28 10:15:43,257: INFO/Beat] Scheduler: Sending due task probe_devices_every_30s (tasks.probe_devices)
[2026-04-28 10:15:43,262: INFO/MainProcess] Task tasks.probe_devices[3ad68bfa-d290-4e35-bdd2-1bf05e985bad] received
[2026-04-28 10:15:43,287: INFO/ForkPoolWorker-2] Task tasks.probe_devices[3ad68bfa-d290-4e35-bdd2-1bf05e985bad] succeeded in 0.024786041999959707s: {'total': 1, 'ok': 1, 'fail': 0, 'turned_offline': [], 'recovered': []}
[2026-04-28 10:16:13,257: INFO/Beat] Scheduler: Sending due task probe_devices_every_30s (tasks.probe_devices)
[2026-04-28 10:16:13,262: INFO/MainProcess] Task tasks.probe_devices[1e915c78-86f1-41dc-b4fb-619a9b2767b2] received
[2026-04-28 10:16:13,286: INFO/ForkPoolWorker-2] Task tasks.probe_devices[1e915c78-86f1-41dc-b4fb-619a9b2767b2] succeeded in 0.022679250000010143s: {'total': 1, 'ok': 1, 'fail': 0, 'turned_offline': [], 'recovered': []}
[2026-04-28 10:16:43,257: INFO/Beat] Scheduler: Sending due task probe_devices_every_30s (tasks.probe_devices)
[2026-04-28 10:16:43,263: INFO/MainProcess] Task tasks.probe_devices[a118e20a-f9e8-43d0-aa96-c01f6c72fa3c] received
[2026-04-28 10:16:43,289: INFO/ForkPoolWorker-2] Task tasks.probe_devices[a118e20a-f9e8-43d0-aa96-c01f6c72fa3c] succeeded in 0.02528712500020447s: {'total': 1, 'ok': 1, 'fail': 0, 'turned_offline': [], 'recovered': []}
[2026-04-28 10:17:13,257: INFO/Beat] Scheduler: Sending due task probe_devices_every_30s (tasks.probe_devices)
[2026-04-28 10:17:13,263: INFO/MainProcess] Task tasks.probe_devices[37e0fa07-852e-407d-8109-573a989c7a03] received
[2026-04-28 10:17:13,287: INFO/ForkPoolWorker-2] Task tasks.probe_devices[37e0fa07-852e-407d-8109-573a989c7a03] succeeded in 0.023735167000040747s: {'total': 1, 'ok': 1, 'fail': 0, 'turned_offline': [], 'recovered': []}
[2026-04-28 10:17:43,257: INFO/Beat] Scheduler: Sending due task probe_devices_every_30s (tasks.probe_devices)
[2026-04-28 10:17:43,262: INFO/MainProcess] Task tasks.probe_devices[3d598784-342f-4ace-8bac-b9b2afd87320] received
[2026-04-28 10:17:43,286: INFO/ForkPoolWorker-2] Task tasks.probe_devices[3d598784-342f-4ace-8bac-b9b2afd87320] succeeded in 0.023933584000133123s: {'total': 1, 'ok': 1, 'fail': 0, 'turned_offline': [], 'recovered': []}
[2026-04-28 10:18:13,257: INFO/Beat] Scheduler: Sending due task probe_devices_every_30s (tasks.probe_devices)
[2026-04-28 10:18:13,262: INFO/MainProcess] Task tasks.probe_devices[73133537-dc2a-4299-a971-4383aed27862] received
[2026-04-28 10:18:13,286: INFO/ForkPoolWorker-2] Task tasks.probe_devices[73133537-dc2a-4299-a971-4383aed27862] succeeded in 0.022668750000093496s: {'total': 1, 'ok': 1, 'fail': 0, 'turned_offline': [], 'recovered': []}
[2026-04-28 10:18:43,257: INFO/Beat] Scheduler: Sending due task probe_devices_every_30s (tasks.probe_devices)
[2026-04-28 10:18:43,262: INFO/MainProcess] Task tasks.probe_devices[66b0b63f-864d-4040-950d-b22a68dd32d6] received
[2026-04-28 10:18:43,288: INFO/ForkPoolWorker-2] Task tasks.probe_devices[66b0b63f-864d-4040-950d-b22a68dd32d6] succeeded in 0.0256984579998516s: {'total': 1, 'ok': 1, 'fail': 0, 'turned_offline': [], 'recovered': []}
[2026-04-28 10:19:13,257: INFO/Beat] Scheduler: Sending due task probe_devices_every_30s (tasks.probe_devices)
[2026-04-28 10:19:13,263: INFO/MainProcess] Task tasks.probe_devices[392087bb-1ee8-44ba-9323-c51e0c3e04f0] received
[2026-04-28 10:19:13,290: INFO/ForkPoolWorker-2] Task tasks.probe_devices[392087bb-1ee8-44ba-9323-c51e0c3e04f0] succeeded in 0.025846207999848048s: {'total': 1, 'ok': 1, 'fail': 0, 'turned_offline': [], 'recovered': []}
[2026-04-28 10:19:43,257: INFO/Beat] Scheduler: Sending due task probe_devices_every_30s (tasks.probe_devices)
[2026-04-28 10:19:43,262: INFO/MainProcess] Task tasks.probe_devices[6e0afe4e-d957-4a0c-8df1-77e7ac066c06] received
[2026-04-28 10:19:43,285: INFO/ForkPoolWorker-2] Task tasks.probe_devices[6e0afe4e-d957-4a0c-8df1-77e7ac066c06] succeeded in 0.02292304200000217s: {'total': 1, 'ok': 1, 'fail': 0, 'turned_offline': [], 'recovered': []}
[2026-04-28 10:20:13,257: INFO/Beat] Scheduler: Sending due task probe_devices_every_30s (tasks.probe_devices)
[2026-04-28 10:20:13,263: INFO/MainProcess] Task tasks.probe_devices[bb411630-73c0-486f-855d-d4b3b56c6cf0] received
[2026-04-28 10:20:13,288: INFO/ForkPoolWorker-2] Task tasks.probe_devices[bb411630-73c0-486f-855d-d4b3b56c6cf0] succeeded in 0.024171541999976398s: {'total': 1, 'ok': 1, 'fail': 0, 'turned_offline': [], 'recovered': []}
[2026-04-28 10:20:43,257: INFO/Beat] Scheduler: Sending due task probe_devices_every_30s (tasks.probe_devices)
[2026-04-28 10:20:43,262: INFO/MainProcess] Task tasks.probe_devices[0eb1037f-7505-472b-a781-3451e8d94c18] received
[2026-04-28 10:20:43,286: INFO/ForkPoolWorker-2] Task tasks.probe_devices[0eb1037f-7505-472b-a781-3451e8d94c18] succeeded in 0.02425616599998648s: {'total': 1, 'ok': 1, 'fail': 0, 'turned_offline': [], 'recovered': []}
[2026-04-28 10:21:13,257: INFO/Beat] Scheduler: Sending due task probe_devices_every_30s (tasks.probe_devices)
[2026-04-28 10:21:13,262: INFO/MainProcess] Task tasks.probe_devices[637370a8-c4ba-484b-9759-f01309563edd] received
[2026-04-28 10:21:13,285: INFO/ForkPoolWorker-2] Task tasks.probe_devices[637370a8-c4ba-484b-9759-f01309563edd] succeeded in 0.022505374999809646s: {'total': 1, 'ok': 1, 'fail': 0, 'turned_offline': [], 'recovered': []}
[2026-04-28 10:21:43,257: INFO/Beat] Scheduler: Sending due task probe_devices_every_30s (tasks.probe_devices)
[2026-04-28 10:21:43,263: INFO/MainProcess] Task tasks.probe_devices[16889735-32b2-47e4-8c2f-1da38e505459] received
[2026-04-28 10:21:43,288: INFO/ForkPoolWorker-2] Task tasks.probe_devices[16889735-32b2-47e4-8c2f-1da38e505459] succeeded in 0.023482792000095287s: {'total': 1, 'ok': 1, 'fail': 0, 'turned_offline': [], 'recovered': []}
[2026-04-28 10:22:13,257: INFO/Beat] Scheduler: Sending due task probe_devices_every_30s (tasks.probe_devices)
[2026-04-28 10:22:13,263: INFO/MainProcess] Task tasks.probe_devices[74a72628-96aa-4c26-9c08-ac85bdc54cde] received
[2026-04-28 10:22:13,292: INFO/ForkPoolWorker-2] Task tasks.probe_devices[74a72628-96aa-4c26-9c08-ac85bdc54cde] succeeded in 0.028260207999892373s: {'total': 1, 'ok': 1, 'fail': 0, 'turned_offline': [], 'recovered': []}
[2026-04-28 10:22:43,257: INFO/Beat] Scheduler: Sending due task probe_devices_every_30s (tasks.probe_devices)
[2026-04-28 10:22:43,262: INFO/MainProcess] Task tasks.probe_devices[a51f1ca2-7fb3-406c-a758-cafdee5db4dc] received
[2026-04-28 10:22:43,285: INFO/ForkPoolWorker-2] Task tasks.probe_devices[a51f1ca2-7fb3-406c-a758-cafdee5db4dc] succeeded in 0.0227265000000898s: {'total': 1, 'ok': 1, 'fail': 0, 'turned_offline': [], 'recovered': []}
[2026-04-28 10:23:13,257: INFO/Beat] Scheduler: Sending due task probe_devices_every_30s (tasks.probe_devices)
[2026-04-28 10:23:13,268: INFO/MainProcess] Task tasks.probe_devices[7bbbbba2-124d-42ac-ac52-85a5e501e12d] received
[2026-04-28 10:23:13,297: INFO/ForkPoolWorker-2] Task tasks.probe_devices[7bbbbba2-124d-42ac-ac52-85a5e501e12d] succeeded in 0.028417249999847627s: {'total': 1, 'ok': 1, 'fail': 0, 'turned_offline': [], 'recovered': []}
[2026-04-28 10:23:43,257: INFO/Beat] Scheduler: Sending due task probe_devices_every_30s (tasks.probe_devices)
[2026-04-28 10:23:43,267: INFO/MainProcess] Task tasks.probe_devices[a2424da2-d6ac-4743-a331-5a2846256b59] received
[2026-04-28 10:23:43,293: INFO/ForkPoolWorker-2] Task tasks.probe_devices[a2424da2-d6ac-4743-a331-5a2846256b59] succeeded in 0.024994083000137834s: {'total': 1, 'ok': 1, 'fail': 0, 'turned_offline': [], 'recovered': []}
[2026-04-28 10:24:13,257: INFO/Beat] Scheduler: Sending due task probe_devices_every_30s (tasks.probe_devices)
[2026-04-28 10:24:13,266: INFO/MainProcess] Task tasks.probe_devices[71315461-d101-49fb-a96c-3ae13aacfbdb] received
[2026-04-28 10:24:13,296: INFO/ForkPoolWorker-2] Task tasks.probe_devices[71315461-d101-49fb-a96c-3ae13aacfbdb] succeeded in 0.029795917000001282s: {'total': 1, 'ok': 1, 'fail': 0, 'turned_offline': [], 'recovered': []}
[2026-04-28 10:24:43,257: INFO/Beat] Scheduler: Sending due task probe_devices_every_30s (tasks.probe_devices)
[2026-04-28 10:24:43,265: INFO/MainProcess] Task tasks.probe_devices[25fe8c1b-98ad-4715-87a4-93d03fa74808] received
[2026-04-28 10:24:43,292: INFO/ForkPoolWorker-2] Task tasks.probe_devices[25fe8c1b-98ad-4715-87a4-93d03fa74808] succeeded in 0.026136208000025363s: {'total': 1, 'ok': 1, 'fail': 0, 'turned_offline': [], 'recovered': []}
[2026-04-28 10:25:13,257: INFO/Beat] Scheduler: Sending due task probe_devices_every_30s (tasks.probe_devices)
[2026-04-28 10:25:13,264: INFO/MainProcess] Task tasks.probe_devices[2097fbcc-8f23-46e7-9125-211d90168afd] received
[2026-04-28 10:25:13,288: INFO/ForkPoolWorker-2] Task tasks.probe_devices[2097fbcc-8f23-46e7-9125-211d90168afd] succeeded in 0.023519500000020344s: {'total': 1, 'ok': 1, 'fail': 0, 'turned_offline': [], 'recovered': []}
[2026-04-28 10:25:43,257: INFO/Beat] Scheduler: Sending due task probe_devices_every_30s (tasks.probe_devices)
[2026-04-28 10:25:43,263: INFO/MainProcess] Task tasks.probe_devices[43a2d115-9fff-41ee-8b70-256038bc1702] received
[2026-04-28 10:25:43,286: INFO/ForkPoolWorker-2] Task tasks.probe_devices[43a2d115-9fff-41ee-8b70-256038bc1702] succeeded in 0.023101541999949404s: {'total': 1, 'ok': 1, 'fail': 0, 'turned_offline': [], 'recovered': []}
[2026-04-28 10:26:13,257: INFO/Beat] Scheduler: Sending due task probe_devices_every_30s (tasks.probe_devices)
[2026-04-28 10:26:13,263: INFO/MainProcess] Task tasks.probe_devices[88730ae1-ebc6-4d43-8688-6f3a0b849b63] received
[2026-04-28 10:26:13,287: INFO/ForkPoolWorker-2] Task tasks.probe_devices[88730ae1-ebc6-4d43-8688-6f3a0b849b63] succeeded in 0.023006084000144256s: {'total': 1, 'ok': 1, 'fail': 0, 'turned_offline': [], 'recovered': []}
[2026-04-28 10:26:43,257: INFO/Beat] Scheduler: Sending due task probe_devices_every_30s (tasks.probe_devices)
[2026-04-28 10:26:43,263: INFO/MainProcess] Task tasks.probe_devices[fcf09bb7-b8f8-43f3-aa9c-bf9ed02e1079] received
[2026-04-28 10:26:43,288: INFO/ForkPoolWorker-2] Task tasks.probe_devices[fcf09bb7-b8f8-43f3-aa9c-bf9ed02e1079] succeeded in 0.02486737499998526s: {'total': 1, 'ok': 1, 'fail': 0, 'turned_offline': [], 'recovered': []}
[2026-04-28 10:27:13,257: INFO/Beat] Scheduler: Sending due task probe_devices_every_30s (tasks.probe_devices)
[2026-04-28 10:27:13,262: INFO/MainProcess] Task tasks.probe_devices[ff333947-904b-4024-977f-09336f1ea5ad] received
[2026-04-28 10:27:13,292: INFO/ForkPoolWorker-2] Task tasks.probe_devices[ff333947-904b-4024-977f-09336f1ea5ad] succeeded in 0.029458208000050945s: {'total': 1, 'ok': 1, 'fail': 0, 'turned_offline': [], 'recovered': []}
[2026-04-28 10:27:43,257: INFO/Beat] Scheduler: Sending due task probe_devices_every_30s (tasks.probe_devices)
[2026-04-28 10:27:43,265: INFO/MainProcess] Task tasks.probe_devices[a5e8bdf6-4954-43b7-9bed-5675d03e7a4f] received
[2026-04-28 10:27:43,289: INFO/ForkPoolWorker-2] Task tasks.probe_devices[a5e8bdf6-4954-43b7-9bed-5675d03e7a4f] succeeded in 0.023508209000056013s: {'total': 1, 'ok': 1, 'fail': 0, 'turned_offline': [], 'recovered': []}
[2026-04-28 10:28:13,257: INFO/Beat] Scheduler: Sending due task probe_devices_every_30s (tasks.probe_devices)
[2026-04-28 10:28:13,262: INFO/MainProcess] Task tasks.probe_devices[3457d5be-7da8-46bf-ad8d-efdea174efb3] received
[2026-04-28 10:28:13,288: INFO/ForkPoolWorker-2] Task tasks.probe_devices[3457d5be-7da8-46bf-ad8d-efdea174efb3] succeeded in 0.02524566700003561s: {'total': 1, 'ok': 1, 'fail': 0, 'turned_offline': [], 'recovered': []}
[2026-04-28 10:28:43,257: INFO/Beat] Scheduler: Sending due task probe_devices_every_30s (tasks.probe_devices)
[2026-04-28 10:28:43,262: INFO/MainProcess] Task tasks.probe_devices[d2a53635-42d9-4744-8cd0-32d2f723827f] received
[2026-04-28 10:28:43,289: INFO/ForkPoolWorker-2] Task tasks.probe_devices[d2a53635-42d9-4744-8cd0-32d2f723827f] succeeded in 0.02635145899989766s: {'total': 1, 'ok': 1, 'fail': 0, 'turned_offline': [], 'recovered': []}
[2026-04-28 10:29:13,257: INFO/Beat] Scheduler: Sending due task probe_devices_every_30s (tasks.probe_devices)
[2026-04-28 10:29:13,263: INFO/MainProcess] Task tasks.probe_devices[555b829f-40eb-4aa0-b715-4477499c67b2] received
[2026-04-28 10:29:13,290: INFO/ForkPoolWorker-2] Task tasks.probe_devices[555b829f-40eb-4aa0-b715-4477499c67b2] succeeded in 0.02607029099999636s: {'total': 1, 'ok': 1, 'fail': 0, 'turned_offline': [], 'recovered': []}
[2026-04-28 10:29:43,257: INFO/Beat] Scheduler: Sending due task probe_devices_every_30s (tasks.probe_devices)
[2026-04-28 10:29:43,266: INFO/MainProcess] Task tasks.probe_devices[4a0d8f41-4bd6-4d48-9458-3d169236d256] received
[2026-04-28 10:29:43,290: INFO/ForkPoolWorker-2] Task tasks.probe_devices[4a0d8f41-4bd6-4d48-9458-3d169236d256] succeeded in 0.02365245800001503s: {'total': 1, 'ok': 1, 'fail': 0, 'turned_offline': [], 'recovered': []}
[2026-04-28 10:30:13,257: INFO/Beat] Scheduler: Sending due task probe_devices_every_30s (tasks.probe_devices)
[2026-04-28 10:30:13,263: INFO/MainProcess] Task tasks.probe_devices[5d1c91f6-2076-4b9b-ada5-4c7dd2502186] received
[2026-04-28 10:30:13,287: INFO/ForkPoolWorker-2] Task tasks.probe_devices[5d1c91f6-2076-4b9b-ada5-4c7dd2502186] succeeded in 0.023473834000014904s: {'total': 1, 'ok': 1, 'fail': 0, 'turned_offline': [], 'recovered': []}
[2026-04-28 10:30:43,257: INFO/Beat] Scheduler: Sending due task probe_devices_every_30s (tasks.probe_devices)
[2026-04-28 10:30:43,263: INFO/MainProcess] Task tasks.probe_devices[e8a8a1bd-c499-49a8-adbd-2ac8e99d2548] received
[2026-04-28 10:30:43,293: INFO/ForkPoolWorker-2] Task tasks.probe_devices[e8a8a1bd-c499-49a8-adbd-2ac8e99d2548] succeeded in 0.02924666600006276s: {'total': 1, 'ok': 1, 'fail': 0, 'turned_offline': [], 'recovered': []}
[2026-04-28 10:31:13,257: INFO/Beat] Scheduler: Sending due task probe_devices_every_30s (tasks.probe_devices)
[2026-04-28 10:31:13,264: INFO/MainProcess] Task tasks.probe_devices[df3f54ef-76ce-4148-bdb0-8b1e9253e39c] received
[2026-04-28 10:31:13,288: INFO/ForkPoolWorker-2] Task tasks.probe_devices[df3f54ef-76ce-4148-bdb0-8b1e9253e39c] succeeded in 0.023336958000072627s: {'total': 1, 'ok': 1, 'fail': 0, 'turned_offline': [], 'recovered': []}
[2026-04-28 10:31:43,257: INFO/Beat] Scheduler: Sending due task probe_devices_every_30s (tasks.probe_devices)
[2026-04-28 10:31:43,262: INFO/MainProcess] Task tasks.probe_devices[ea7c0b9b-47b7-4deb-8c9d-efbce8191a79] received
[2026-04-28 10:31:43,286: INFO/ForkPoolWorker-2] Task tasks.probe_devices[ea7c0b9b-47b7-4deb-8c9d-efbce8191a79] succeeded in 0.023071625000284257s: {'total': 1, 'ok': 1, 'fail': 0, 'turned_offline': [], 'recovered': []}
[2026-04-28 10:32:13,257: INFO/Beat] Scheduler: Sending due task probe_devices_every_30s (tasks.probe_devices)
[2026-04-28 10:32:13,264: INFO/MainProcess] Task tasks.probe_devices[bc1ab5de-5de3-4759-b98d-d1cdfbf57ebc] received
[2026-04-28 10:32:13,288: INFO/ForkPoolWorker-2] Task tasks.probe_devices[bc1ab5de-5de3-4759-b98d-d1cdfbf57ebc] succeeded in 0.023565459000110422s: {'total': 1, 'ok': 1, 'fail': 0, 'turned_offline': [], 'recovered': []}
[2026-04-28 10:32:43,257: INFO/Beat] Scheduler: Sending due task probe_devices_every_30s (tasks.probe_devices)
[2026-04-28 10:32:43,264: INFO/MainProcess] Task tasks.probe_devices[88b19a03-cc6b-403a-bb69-af7b01adf4c9] received
[2026-04-28 10:32:43,288: INFO/ForkPoolWorker-2] Task tasks.probe_devices[88b19a03-cc6b-403a-bb69-af7b01adf4c9] succeeded in 0.02286362500035466s: {'total': 1, 'ok': 1, 'fail': 0, 'turned_offline': [], 'recovered': []}
[2026-04-28 10:33:13,257: INFO/Beat] Scheduler: Sending due task probe_devices_every_30s (tasks.probe_devices)
[2026-04-28 10:33:13,265: INFO/MainProcess] Task tasks.probe_devices[6db6441f-a18a-4e59-9f9a-28a99b82d776] received
[2026-04-28 10:33:13,289: INFO/ForkPoolWorker-2] Task tasks.probe_devices[6db6441f-a18a-4e59-9f9a-28a99b82d776] succeeded in 0.023714708000170504s: {'total': 1, 'ok': 1, 'fail': 0, 'turned_offline': [], 'recovered': []}
[2026-04-28 10:33:43,257: INFO/Beat] Scheduler: Sending due task probe_devices_every_30s (tasks.probe_devices)
[2026-04-28 10:33:43,263: INFO/MainProcess] Task tasks.probe_devices[958418a1-ce8e-4fee-a7cf-a66ea3bb7aa8] received
[2026-04-28 10:33:43,287: INFO/ForkPoolWorker-2] Task tasks.probe_devices[958418a1-ce8e-4fee-a7cf-a66ea3bb7aa8] succeeded in 0.02401724999981525s: {'total': 1, 'ok': 1, 'fail': 0, 'turned_offline': [], 'recovered': []}
[2026-04-28 10:34:13,257: INFO/Beat] Scheduler: Sending due task probe_devices_every_30s (tasks.probe_devices)
[2026-04-28 10:34:13,264: INFO/MainProcess] Task tasks.probe_devices[edb36809-91de-4f4c-b9b5-ddc1528bede7] received
[2026-04-28 10:34:13,289: INFO/ForkPoolWorker-2] Task tasks.probe_devices[edb36809-91de-4f4c-b9b5-ddc1528bede7] succeeded in 0.024848541999745066s: {'total': 1, 'ok': 1, 'fail': 0, 'turned_offline': [], 'recovered': []}
[2026-04-28 10:34:43,257: INFO/Beat] Scheduler: Sending due task probe_devices_every_30s (tasks.probe_devices)
[2026-04-28 10:34:43,268: INFO/MainProcess] Task tasks.probe_devices[7794137d-9565-4bb2-b97d-e311b9268b38] received
[2026-04-28 10:34:43,299: INFO/ForkPoolWorker-2] Task tasks.probe_devices[7794137d-9565-4bb2-b97d-e311b9268b38] succeeded in 0.030355249999956868s: {'total': 1, 'ok': 1, 'fail': 0, 'turned_offline': [], 'recovered': []}
[2026-04-28 10:35:13,257: INFO/Beat] Scheduler: Sending due task probe_devices_every_30s (tasks.probe_devices)
[2026-04-28 10:35:13,264: INFO/MainProcess] Task tasks.probe_devices[4f97fc8a-e03f-408a-a430-109815ae34b6] received
[2026-04-28 10:35:13,289: INFO/ForkPoolWorker-2] Task tasks.probe_devices[4f97fc8a-e03f-408a-a430-109815ae34b6] succeeded in 0.024247583000033046s: {'total': 1, 'ok': 1, 'fail': 0, 'turned_offline': [], 'recovered': []}
[2026-04-28 10:35:43,257: INFO/Beat] Scheduler: Sending due task probe_devices_every_30s (tasks.probe_devices)
[2026-04-28 10:35:43,263: INFO/MainProcess] Task tasks.probe_devices[6a5c5e22-059e-49a0-be7b-03dc6d1d9cda] received
[2026-04-28 10:35:43,288: INFO/ForkPoolWorker-2] Task tasks.probe_devices[6a5c5e22-059e-49a0-be7b-03dc6d1d9cda] succeeded in 0.02454883400014296s: {'total': 1, 'ok': 1, 'fail': 0, 'turned_offline': [], 'recovered': []}
[2026-04-28 10:36:13,257: INFO/Beat] Scheduler: Sending due task probe_devices_every_30s (tasks.probe_devices)
[2026-04-28 10:36:13,268: INFO/MainProcess] Task tasks.probe_devices[185796d9-44f1-4b35-8287-2731935126ec] received
[2026-04-28 10:36:13,294: INFO/ForkPoolWorker-2] Task tasks.probe_devices[185796d9-44f1-4b35-8287-2731935126ec] succeeded in 0.025300834000063332s: {'total': 1, 'ok': 1, 'fail': 0, 'turned_offline': [], 'recovered': []}
[2026-04-28 10:36:43,257: INFO/Beat] Scheduler: Sending due task probe_devices_every_30s (tasks.probe_devices)
[2026-04-28 10:36:43,267: INFO/MainProcess] Task tasks.probe_devices[b98ccb60-f7bd-446e-a512-23db4c29d960] received
[2026-04-28 10:36:43,293: INFO/ForkPoolWorker-2] Task tasks.probe_devices[b98ccb60-f7bd-446e-a512-23db4c29d960] succeeded in 0.024650500000007014s: {'total': 1, 'ok': 1, 'fail': 0, 'turned_offline': [], 'recovered': []}
[2026-04-28 10:37:13,257: INFO/Beat] Scheduler: Sending due task probe_devices_every_30s (tasks.probe_devices)
[2026-04-28 10:37:13,266: INFO/MainProcess] Task tasks.probe_devices[3921b40c-0c50-4593-98c3-d47a8a3af94b] received
[2026-04-28 10:37:13,291: INFO/ForkPoolWorker-2] Task tasks.probe_devices[3921b40c-0c50-4593-98c3-d47a8a3af94b] succeeded in 0.02484991600022113s: {'total': 1, 'ok': 1, 'fail': 0, 'turned_offline': [], 'recovered': []}
[2026-04-28 10:37:43,258: INFO/Beat] Scheduler: Sending due task probe_devices_every_30s (tasks.probe_devices)
[2026-04-28 10:37:43,265: INFO/MainProcess] Task tasks.probe_devices[0436d151-2e0b-4ee3-a9b6-1e7010f51138] received
[2026-04-28 10:37:43,289: INFO/ForkPoolWorker-2] Task tasks.probe_devices[0436d151-2e0b-4ee3-a9b6-1e7010f51138] succeeded in 0.023481666999941808s: {'total': 1, 'ok': 1, 'fail': 0, 'turned_offline': [], 'recovered': []}
[2026-04-28 10:38:13,258: INFO/Beat] Scheduler: Sending due task probe_devices_every_30s (tasks.probe_devices)
[2026-04-28 10:38:13,264: INFO/MainProcess] Task tasks.probe_devices[17e36111-9211-4686-9244-ab981cedfff2] received
[2026-04-28 10:38:13,288: INFO/ForkPoolWorker-2] Task tasks.probe_devices[17e36111-9211-4686-9244-ab981cedfff2] succeeded in 0.023913250000077824s: {'total': 1, 'ok': 1, 'fail': 0, 'turned_offline': [], 'recovered': []}
[2026-04-28 10:38:43,258: INFO/Beat] Scheduler: Sending due task probe_devices_every_30s (tasks.probe_devices)
[2026-04-28 10:38:43,263: INFO/MainProcess] Task tasks.probe_devices[7400d401-c913-46be-bfef-e9c0849b0aa1] received
[2026-04-28 10:38:43,288: INFO/ForkPoolWorker-2] Task tasks.probe_devices[7400d401-c913-46be-bfef-e9c0849b0aa1] succeeded in 0.023784584000168252s: {'total': 1, 'ok': 1, 'fail': 0, 'turned_offline': [], 'recovered': []}
[2026-04-28 10:39:13,258: INFO/Beat] Scheduler: Sending due task probe_devices_every_30s (tasks.probe_devices)
[2026-04-28 10:39:13,264: INFO/MainProcess] Task tasks.probe_devices[d4ebdbce-844b-4c2e-b1de-681114f6cc5a] received
[2026-04-28 10:39:13,288: INFO/ForkPoolWorker-2] Task tasks.probe_devices[d4ebdbce-844b-4c2e-b1de-681114f6cc5a] succeeded in 0.02368812499980777s: {'total': 1, 'ok': 1, 'fail': 0, 'turned_offline': [], 'recovered': []}
[2026-04-28 10:39:43,258: INFO/Beat] Scheduler: Sending due task probe_devices_every_30s (tasks.probe_devices)
[2026-04-28 10:39:43,263: INFO/MainProcess] Task tasks.probe_devices[9b15ce5e-dc06-485d-aa7c-93a0770c277b] received
[2026-04-28 10:39:43,287: INFO/ForkPoolWorker-2] Task tasks.probe_devices[9b15ce5e-dc06-485d-aa7c-93a0770c277b] succeeded in 0.023294125000120403s: {'total': 1, 'ok': 1, 'fail': 0, 'turned_offline': [], 'recovered': []}
[2026-04-28 10:40:13,258: INFO/Beat] Scheduler: Sending due task probe_devices_every_30s (tasks.probe_devices)
[2026-04-28 10:40:13,263: INFO/MainProcess] Task tasks.probe_devices[e1bdfd9c-abea-42c3-b107-b3940f3d3fcc] received
[2026-04-28 10:40:13,287: INFO/ForkPoolWorker-2] Task tasks.probe_devices[e1bdfd9c-abea-42c3-b107-b3940f3d3fcc] succeeded in 0.023145082999690203s: {'total': 1, 'ok': 1, 'fail': 0, 'turned_offline': [], 'recovered': []}
[2026-04-28 10:40:43,258: INFO/Beat] Scheduler: Sending due task probe_devices_every_30s (tasks.probe_devices)
[2026-04-28 10:40:43,263: INFO/MainProcess] Task tasks.probe_devices[a781a143-f4d7-42c6-b158-537bf12ea852] received
[2026-04-28 10:40:43,287: INFO/ForkPoolWorker-2] Task tasks.probe_devices[a781a143-f4d7-42c6-b158-537bf12ea852] succeeded in 0.023690041999998357s: {'total': 1, 'ok': 1, 'fail': 0, 'turned_offline': [], 'recovered': []}
[2026-04-28 10:41:13,258: INFO/Beat] Scheduler: Sending due task probe_devices_every_30s (tasks.probe_devices)
[2026-04-28 10:41:13,290: INFO/MainProcess] Task tasks.probe_devices[e90d3eb3-c2b3-402a-b9f1-f1d6730bc4f5] received
[2026-04-28 10:41:13,312: INFO/ForkPoolWorker-2] Task tasks.probe_devices[e90d3eb3-c2b3-402a-b9f1-f1d6730bc4f5] succeeded in 0.02202283399992666s: {'total': 1, 'ok': 1, 'fail': 0, 'turned_offline': [], 'recovered': []}
[2026-04-28 10:41:43,258: INFO/Beat] Scheduler: Sending due task probe_devices_every_30s (tasks.probe_devices)
[2026-04-28 10:41:43,267: INFO/MainProcess] Task tasks.probe_devices[8bef9b51-1a41-4ac5-8d3f-3738d94aadcd] received
[2026-04-28 10:41:43,297: INFO/ForkPoolWorker-2] Task tasks.probe_devices[8bef9b51-1a41-4ac5-8d3f-3738d94aadcd] succeeded in 0.028611457999886625s: {'total': 1, 'ok': 1, 'fail': 0, 'turned_offline': [], 'recovered': []}
[2026-04-28 10:42:13,258: INFO/Beat] Scheduler: Sending due task probe_devices_every_30s (tasks.probe_devices)
[2026-04-28 10:42:13,265: INFO/MainProcess] Task tasks.probe_devices[b0fc29f9-70bc-4bdc-af51-29f2f66a0ceb] received
[2026-04-28 10:42:13,289: INFO/ForkPoolWorker-2] Task tasks.probe_devices[b0fc29f9-70bc-4bdc-af51-29f2f66a0ceb] succeeded in 0.02286229099991033s: {'total': 1, 'ok': 1, 'fail': 0, 'turned_offline': [], 'recovered': []}
[2026-04-28 10:42:43,258: INFO/Beat] Scheduler: Sending due task probe_devices_every_30s (tasks.probe_devices)
[2026-04-28 10:42:43,266: INFO/MainProcess] Task tasks.probe_devices[e9020313-322c-4a1d-b48f-27c9962b142e] received
[2026-04-28 10:42:43,290: INFO/ForkPoolWorker-2] Task tasks.probe_devices[e9020313-322c-4a1d-b48f-27c9962b142e] succeeded in 0.022877957999753562s: {'total': 1, 'ok': 1, 'fail': 0, 'turned_offline': [], 'recovered': []}
[2026-04-28 10:43:13,258: INFO/Beat] Scheduler: Sending due task probe_devices_every_30s (tasks.probe_devices)
[2026-04-28 10:43:13,266: INFO/MainProcess] Task tasks.probe_devices[4bf0306e-7818-474b-bd26-05625a4cc128] received
[2026-04-28 10:43:13,293: INFO/ForkPoolWorker-2] Task tasks.probe_devices[4bf0306e-7818-474b-bd26-05625a4cc128] succeeded in 0.02634570899999744s: {'total': 1, 'ok': 1, 'fail': 0, 'turned_offline': [], 'recovered': []}
[2026-04-28 10:43:43,258: INFO/Beat] Scheduler: Sending due task probe_devices_every_30s (tasks.probe_devices)
[2026-04-28 10:43:43,264: INFO/MainProcess] Task tasks.probe_devices[896f5149-65c7-4d6d-aefe-ba007fcb7378] received
[2026-04-28 10:43:43,289: INFO/ForkPoolWorker-2] Task tasks.probe_devices[896f5149-65c7-4d6d-aefe-ba007fcb7378] succeeded in 0.02434008399995946s: {'total': 1, 'ok': 1, 'fail': 0, 'turned_offline': [], 'recovered': []}
[2026-04-28 10:44:13,258: INFO/Beat] Scheduler: Sending due task probe_devices_every_30s (tasks.probe_devices)
[2026-04-28 10:44:13,264: INFO/MainProcess] Task tasks.probe_devices[98b9350e-6612-4ea9-8a53-3b3c49e82151] received
[2026-04-28 10:44:13,288: INFO/ForkPoolWorker-2] Task tasks.probe_devices[98b9350e-6612-4ea9-8a53-3b3c49e82151] succeeded in 0.023049249999985477s: {'total': 1, 'ok': 1, 'fail': 0, 'turned_offline': [], 'recovered': []}
[2026-04-28 10:44:43,258: INFO/Beat] Scheduler: Sending due task probe_devices_every_30s (tasks.probe_devices)
[2026-04-28 10:44:43,266: INFO/MainProcess] Task tasks.probe_devices[96b00c19-8a88-47c4-bfc2-fd76fa821e93] received
[2026-04-28 10:44:43,291: INFO/ForkPoolWorker-2] Task tasks.probe_devices[96b00c19-8a88-47c4-bfc2-fd76fa821e93] succeeded in 0.02470274999996036s: {'total': 1, 'ok': 1, 'fail': 0, 'turned_offline': [], 'recovered': []}
[2026-04-28 10:45:13,258: INFO/Beat] Scheduler: Sending due task probe_devices_every_30s (tasks.probe_devices)
[2026-04-28 10:45:13,264: INFO/MainProcess] Task tasks.probe_devices[8aa757e7-ad82-4843-95f5-16fb39dc00fe] received
[2026-04-28 10:45:13,286: INFO/ForkPoolWorker-2] Task tasks.probe_devices[8aa757e7-ad82-4843-95f5-16fb39dc00fe] succeeded in 0.022318000000268512s: {'total': 1, 'ok': 1, 'fail': 0, 'turned_offline': [], 'recovered': []}
[2026-04-28 10:45:43,258: INFO/Beat] Scheduler: Sending due task probe_devices_every_30s (tasks.probe_devices)
[2026-04-28 10:45:43,264: INFO/MainProcess] Task tasks.probe_devices[121f49cf-c74f-4a6c-b5ab-aa61d85594bd] received
[2026-04-28 10:45:43,287: INFO/ForkPoolWorker-2] Task tasks.probe_devices[121f49cf-c74f-4a6c-b5ab-aa61d85594bd] succeeded in 0.023010167000393267s: {'total': 1, 'ok': 1, 'fail': 0, 'turned_offline': [], 'recovered': []}
[2026-04-28 10:46:13,258: INFO/Beat] Scheduler: Sending due task probe_devices_every_30s (tasks.probe_devices)
[2026-04-28 10:46:13,264: INFO/MainProcess] Task tasks.probe_devices[19915946-a1e8-42e8-adbd-c9755f8dea23] received
[2026-04-28 10:46:13,289: INFO/ForkPoolWorker-2] Task tasks.probe_devices[19915946-a1e8-42e8-adbd-c9755f8dea23] succeeded in 0.023902959000224655s: {'total': 1, 'ok': 1, 'fail': 0, 'turned_offline': [], 'recovered': []}
[2026-04-28 10:46:43,258: INFO/Beat] Scheduler: Sending due task probe_devices_every_30s (tasks.probe_devices)
[2026-04-28 10:46:43,263: INFO/MainProcess] Task tasks.probe_devices[e491148e-dc74-44de-abf6-2e56ba1f7f74] received
[2026-04-28 10:46:43,288: INFO/ForkPoolWorker-2] Task tasks.probe_devices[e491148e-dc74-44de-abf6-2e56ba1f7f74] succeeded in 0.02424112500011688s: {'total': 1, 'ok': 1, 'fail': 0, 'turned_offline': [], 'recovered': []}
[2026-04-28 10:47:13,258: INFO/Beat] Scheduler: Sending due task probe_devices_every_30s (tasks.probe_devices)
[2026-04-28 10:47:13,265: INFO/MainProcess] Task tasks.probe_devices[08d58593-55a9-4973-b21f-3719c0491e73] received
[2026-04-28 10:47:13,288: INFO/ForkPoolWorker-2] Task tasks.probe_devices[08d58593-55a9-4973-b21f-3719c0491e73] succeeded in 0.02278608400001758s: {'total': 1, 'ok': 1, 'fail': 0, 'turned_offline': [], 'recovered': []}
[2026-04-28 10:47:43,258: INFO/Beat] Scheduler: Sending due task probe_devices_every_30s (tasks.probe_devices)
[2026-04-28 10:47:43,265: INFO/MainProcess] Task tasks.probe_devices[95bd5ffd-d651-49b2-b2de-b77e30fb95ce] received
[2026-04-28 10:47:43,289: INFO/ForkPoolWorker-2] Task tasks.probe_devices[95bd5ffd-d651-49b2-b2de-b77e30fb95ce] succeeded in 0.0238622500000929s: {'total': 1, 'ok': 1, 'fail': 0, 'turned_offline': [], 'recovered': []}
[2026-04-28 10:48:13,258: INFO/Beat] Scheduler: Sending due task probe_devices_every_30s (tasks.probe_devices)
[2026-04-28 10:48:13,270: INFO/MainProcess] Task tasks.probe_devices[70ab3837-ee49-4aeb-afc1-9ad10f47c571] received
[2026-04-28 10:48:13,293: INFO/ForkPoolWorker-2] Task tasks.probe_devices[70ab3837-ee49-4aeb-afc1-9ad10f47c571] succeeded in 0.02253579099988201s: {'total': 1, 'ok': 1, 'fail': 0, 'turned_offline': [], 'recovered': []}
[2026-04-28 10:48:43,258: INFO/Beat] Scheduler: Sending due task probe_devices_every_30s (tasks.probe_devices)
[2026-04-28 10:48:43,267: INFO/MainProcess] Task tasks.probe_devices[fc0a3a11-657e-4046-a50a-0f7442b605f0] received
[2026-04-28 10:48:43,292: INFO/ForkPoolWorker-2] Task tasks.probe_devices[fc0a3a11-657e-4046-a50a-0f7442b605f0] succeeded in 0.0249805829998877s: {'total': 1, 'ok': 1, 'fail': 0, 'turned_offline': [], 'recovered': []}
[2026-04-28 10:49:13,258: INFO/Beat] Scheduler: Sending due task probe_devices_every_30s (tasks.probe_devices)
[2026-04-28 10:49:13,265: INFO/MainProcess] Task tasks.probe_devices[904ea4f4-c220-4e5b-90ab-d72ae4ac6c39] received
[2026-04-28 10:49:13,291: INFO/ForkPoolWorker-2] Task tasks.probe_devices[904ea4f4-c220-4e5b-90ab-d72ae4ac6c39] succeeded in 0.025422041999718203s: {'total': 1, 'ok': 1, 'fail': 0, 'turned_offline': [], 'recovered': []}
[2026-04-28 10:49:43,258: INFO/Beat] Scheduler: Sending due task probe_devices_every_30s (tasks.probe_devices)
[2026-04-28 10:49:43,264: INFO/MainProcess] Task tasks.probe_devices[a547a2f4-1d7d-45cb-b86d-553b15d5c7eb] received
[2026-04-28 10:49:43,291: INFO/ForkPoolWorker-2] Task tasks.probe_devices[a547a2f4-1d7d-45cb-b86d-553b15d5c7eb] succeeded in 0.02615270900014366s: {'total': 1, 'ok': 1, 'fail': 0, 'turned_offline': [], 'recovered': []}
[2026-04-28 10:50:13,258: INFO/Beat] Scheduler: Sending due task probe_devices_every_30s (tasks.probe_devices)
[2026-04-28 10:50:13,264: INFO/MainProcess] Task tasks.probe_devices[11fb79aa-34cf-4713-bcec-b474424cfb2d] received
[2026-04-28 10:50:13,291: INFO/ForkPoolWorker-2] Task tasks.probe_devices[11fb79aa-34cf-4713-bcec-b474424cfb2d] succeeded in 0.02653770799997801s: {'total': 1, 'ok': 1, 'fail': 0, 'turned_offline': [], 'recovered': []}
[2026-04-28 10:50:43,258: INFO/Beat] Scheduler: Sending due task probe_devices_every_30s (tasks.probe_devices)
[2026-04-28 10:50:43,262: INFO/MainProcess] Task tasks.probe_devices[8192ee23-1a89-4fb0-8277-ad47be3dd693] received
[2026-04-28 10:50:43,285: INFO/ForkPoolWorker-2] Task tasks.probe_devices[8192ee23-1a89-4fb0-8277-ad47be3dd693] succeeded in 0.022379417000138346s: {'total': 1, 'ok': 1, 'fail': 0, 'turned_offline': [], 'recovered': []}
[2026-04-28 10:51:13,258: INFO/Beat] Scheduler: Sending due task probe_devices_every_30s (tasks.probe_devices)
[2026-04-28 10:51:13,265: INFO/MainProcess] Task tasks.probe_devices[fb26f605-6b99-41f7-a3f4-398e8e200d2e] received
[2026-04-28 10:51:13,290: INFO/ForkPoolWorker-2] Task tasks.probe_devices[fb26f605-6b99-41f7-a3f4-398e8e200d2e] succeeded in 0.025192665999838937s: {'total': 1, 'ok': 1, 'fail': 0, 'turned_offline': [], 'recovered': []}
[2026-04-28 10:51:43,258: INFO/Beat] Scheduler: Sending due task probe_devices_every_30s (tasks.probe_devices)
[2026-04-28 10:51:43,267: INFO/MainProcess] Task tasks.probe_devices[bbc4d51c-c687-4ad5-8f7d-c46c492bb4d0] received
[2026-04-28 10:51:43,291: INFO/ForkPoolWorker-2] Task tasks.probe_devices[bbc4d51c-c687-4ad5-8f7d-c46c492bb4d0] succeeded in 0.024298750000070868s: {'total': 1, 'ok': 1, 'fail': 0, 'turned_offline': [], 'recovered': []}
[2026-04-28 10:52:13,258: INFO/Beat] Scheduler: Sending due task probe_devices_every_30s (tasks.probe_devices)
[2026-04-28 10:52:13,269: INFO/MainProcess] Task tasks.probe_devices[c0414e96-2694-41b5-bbec-2f5450416026] received
[2026-04-28 10:52:13,294: INFO/ForkPoolWorker-2] Task tasks.probe_devices[c0414e96-2694-41b5-bbec-2f5450416026] succeeded in 0.023742207999930542s: {'total': 1, 'ok': 1, 'fail': 0, 'turned_offline': [], 'recovered': []}
[2026-04-28 10:52:43,258: INFO/Beat] Scheduler: Sending due task probe_devices_every_30s (tasks.probe_devices)
[2026-04-28 10:52:43,265: INFO/MainProcess] Task tasks.probe_devices[955516d1-ed5e-4ded-bb0b-809b445b01b7] received
[2026-04-28 10:52:43,289: INFO/ForkPoolWorker-2] Task tasks.probe_devices[955516d1-ed5e-4ded-bb0b-809b445b01b7] succeeded in 0.02331616599985864s: {'total': 1, 'ok': 1, 'fail': 0, 'turned_offline': [], 'recovered': []}
[2026-04-28 10:53:13,258: INFO/Beat] Scheduler: Sending due task probe_devices_every_30s (tasks.probe_devices)
[2026-04-28 10:53:13,266: INFO/MainProcess] Task tasks.probe_devices[59b460ad-2831-41fb-aa58-837412ec7e1c] received
[2026-04-28 10:53:13,296: INFO/ForkPoolWorker-2] Task tasks.probe_devices[59b460ad-2831-41fb-aa58-837412ec7e1c] succeeded in 0.0284214170001178s: {'total': 1, 'ok': 1, 'fail': 0, 'turned_offline': [], 'recovered': []}
[2026-04-28 10:53:43,258: INFO/Beat] Scheduler: Sending due task probe_devices_every_30s (tasks.probe_devices)
[2026-04-28 10:53:43,265: INFO/MainProcess] Task tasks.probe_devices[38f03d1d-3bae-49c4-a7eb-cb4b662fe283] received
[2026-04-28 10:53:43,288: INFO/ForkPoolWorker-2] Task tasks.probe_devices[38f03d1d-3bae-49c4-a7eb-cb4b662fe283] succeeded in 0.022370666999904643s: {'total': 1, 'ok': 1, 'fail': 0, 'turned_offline': [], 'recovered': []}
[2026-04-28 10:54:13,258: INFO/Beat] Scheduler: Sending due task probe_devices_every_30s (tasks.probe_devices)
[2026-04-28 10:54:13,266: INFO/MainProcess] Task tasks.probe_devices[483a7aa2-a2ad-4827-8183-76db190ec1d7] received
[2026-04-28 10:54:13,291: INFO/ForkPoolWorker-2] Task tasks.probe_devices[483a7aa2-a2ad-4827-8183-76db190ec1d7] succeeded in 0.024519000000054803s: {'total': 1, 'ok': 1, 'fail': 0, 'turned_offline': [], 'recovered': []}
[2026-04-28 10:54:43,258: INFO/Beat] Scheduler: Sending due task probe_devices_every_30s (tasks.probe_devices)
[2026-04-28 10:54:43,265: INFO/MainProcess] Task tasks.probe_devices[2a5cd795-f8ae-4b36-9791-4a5c6f59c0fb] received
[2026-04-28 10:54:43,290: INFO/ForkPoolWorker-2] Task tasks.probe_devices[2a5cd795-f8ae-4b36-9791-4a5c6f59c0fb] succeeded in 0.024931166999976995s: {'total': 1, 'ok': 1, 'fail': 0, 'turned_offline': [], 'recovered': []}
[2026-04-28 10:55:13,258: INFO/Beat] Scheduler: Sending due task probe_devices_every_30s (tasks.probe_devices)
[2026-04-28 10:55:13,262: INFO/MainProcess] Task tasks.probe_devices[2a99e67b-c463-47c2-b3ec-45f22abe25a4] received
[2026-04-28 10:55:13,285: INFO/ForkPoolWorker-2] Task tasks.probe_devices[2a99e67b-c463-47c2-b3ec-45f22abe25a4] succeeded in 0.02213195900003484s: {'total': 1, 'ok': 1, 'fail': 0, 'turned_offline': [], 'recovered': []}
[2026-04-28 10:55:43,258: INFO/Beat] Scheduler: Sending due task probe_devices_every_30s (tasks.probe_devices)
[2026-04-28 10:55:43,263: INFO/MainProcess] Task tasks.probe_devices[d36c4114-9577-4a3a-a8c1-db94e1afe112] received
[2026-04-28 10:55:43,288: INFO/ForkPoolWorker-2] Task tasks.probe_devices[d36c4114-9577-4a3a-a8c1-db94e1afe112] succeeded in 0.024771124999915628s: {'total': 1, 'ok': 1, 'fail': 0, 'turned_offline': [], 'recovered': []}
[2026-04-28 10:56:13,258: INFO/Beat] Scheduler: Sending due task probe_devices_every_30s (tasks.probe_devices)
[2026-04-28 10:56:13,264: INFO/MainProcess] Task tasks.probe_devices[6f1bb1a8-cc01-4a04-a643-9dfc7e26a3de] received
[2026-04-28 10:56:13,292: INFO/ForkPoolWorker-2] Task tasks.probe_devices[6f1bb1a8-cc01-4a04-a643-9dfc7e26a3de] succeeded in 0.027466540999739664s: {'total': 1, 'ok': 1, 'fail': 0, 'turned_offline': [], 'recovered': []}
[2026-04-28 10:56:43,258: INFO/Beat] Scheduler: Sending due task probe_devices_every_30s (tasks.probe_devices)
[2026-04-28 10:56:43,271: INFO/MainProcess] Task tasks.probe_devices[08273dc9-a0bd-4118-ab6c-70ec6a60a2f7] received
[2026-04-28 10:56:43,298: INFO/ForkPoolWorker-2] Task tasks.probe_devices[08273dc9-a0bd-4118-ab6c-70ec6a60a2f7] succeeded in 0.02641562500002692s: {'total': 1, 'ok': 1, 'fail': 0, 'turned_offline': [], 'recovered': []}
[2026-04-28 10:57:13,258: INFO/Beat] Scheduler: Sending due task probe_devices_every_30s (tasks.probe_devices)
[2026-04-28 10:57:13,265: INFO/MainProcess] Task tasks.probe_devices[c2a71d72-5eaa-43a5-aa67-c226a53b9e16] received
[2026-04-28 10:57:13,289: INFO/ForkPoolWorker-2] Task tasks.probe_devices[c2a71d72-5eaa-43a5-aa67-c226a53b9e16] succeeded in 0.023603000000093743s: {'total': 1, 'ok': 1, 'fail': 0, 'turned_offline': [], 'recovered': []}
[2026-04-28 10:57:43,258: INFO/Beat] Scheduler: Sending due task probe_devices_every_30s (tasks.probe_devices)
[2026-04-28 10:57:43,265: INFO/MainProcess] Task tasks.probe_devices[17510bfa-e2a8-46b6-988b-3e90d39a8436] received
[2026-04-28 10:57:43,290: INFO/ForkPoolWorker-2] Task tasks.probe_devices[17510bfa-e2a8-46b6-988b-3e90d39a8436] succeeded in 0.02447370799973214s: {'total': 1, 'ok': 1, 'fail': 0, 'turned_offline': [], 'recovered': []}
[2026-04-28 10:58:13,258: INFO/Beat] Scheduler: Sending due task probe_devices_every_30s (tasks.probe_devices)
[2026-04-28 10:58:13,267: INFO/MainProcess] Task tasks.probe_devices[fed535ef-fff3-4492-a684-a696a11b9f16] received
[2026-04-28 10:58:13,291: INFO/ForkPoolWorker-2] Task tasks.probe_devices[fed535ef-fff3-4492-a684-a696a11b9f16] succeeded in 0.02369816600003105s: {'total': 1, 'ok': 1, 'fail': 0, 'turned_offline': [], 'recovered': []}
[2026-04-28 10:58:43,258: INFO/Beat] Scheduler: Sending due task probe_devices_every_30s (tasks.probe_devices)
[2026-04-28 10:58:43,264: INFO/MainProcess] Task tasks.probe_devices[4bf514e6-f2a3-42ff-8bf3-5364cd7be9b7] received
[2026-04-28 10:58:43,289: INFO/ForkPoolWorker-2] Task tasks.probe_devices[4bf514e6-f2a3-42ff-8bf3-5364cd7be9b7] succeeded in 0.02405933299996832s: {'total': 1, 'ok': 1, 'fail': 0, 'turned_offline': [], 'recovered': []}
[2026-04-28 10:59:13,258: INFO/Beat] Scheduler: Sending due task probe_devices_every_30s (tasks.probe_devices)
[2026-04-28 10:59:13,264: INFO/MainProcess] Task tasks.probe_devices[c5799084-4b7f-4f42-983b-ecf319e68089] received
[2026-04-28 10:59:13,289: INFO/ForkPoolWorker-2] Task tasks.probe_devices[c5799084-4b7f-4f42-983b-ecf319e68089] succeeded in 0.02374308300022676s: {'total': 1, 'ok': 1, 'fail': 0, 'turned_offline': [], 'recovered': []}
[2026-04-28 10:59:43,258: INFO/Beat] Scheduler: Sending due task probe_devices_every_30s (tasks.probe_devices)
[2026-04-28 10:59:43,263: INFO/MainProcess] Task tasks.probe_devices[c43c1cf9-6f1b-4649-92a9-bac8f5b58f5c] received
[2026-04-28 10:59:43,286: INFO/ForkPoolWorker-2] Task tasks.probe_devices[c43c1cf9-6f1b-4649-92a9-bac8f5b58f5c] succeeded in 0.0228608330003226s: {'total': 1, 'ok': 1, 'fail': 0, 'turned_offline': [], 'recovered': []}
[2026-04-28 11:00:13,258: INFO/Beat] Scheduler: Sending due task probe_devices_every_30s (tasks.probe_devices)
[2026-04-28 11:00:13,265: INFO/MainProcess] Task tasks.probe_devices[518934f3-282d-4042-81a4-f13822183bb7] received
[2026-04-28 11:00:13,291: INFO/ForkPoolWorker-2] Task tasks.probe_devices[518934f3-282d-4042-81a4-f13822183bb7] succeeded in 0.02600604100007331s: {'total': 1, 'ok': 1, 'fail': 0, 'turned_offline': [], 'recovered': []}
[2026-04-28 11:00:43,258: INFO/Beat] Scheduler: Sending due task probe_devices_every_30s (tasks.probe_devices)
[2026-04-28 11:00:43,265: INFO/MainProcess] Task tasks.probe_devices[c42050a6-2b5c-4502-aa5a-a82e0dcb6ca7] received
[2026-04-28 11:00:43,288: INFO/ForkPoolWorker-2] Task tasks.probe_devices[c42050a6-2b5c-4502-aa5a-a82e0dcb6ca7] succeeded in 0.022971249999955035s: {'total': 1, 'ok': 1, 'fail': 0, 'turned_offline': [], 'recovered': []}
[2026-04-28 11:01:13,258: INFO/Beat] Scheduler: Sending due task probe_devices_every_30s (tasks.probe_devices)
[2026-04-28 11:01:13,265: INFO/MainProcess] Task tasks.probe_devices[039ff12f-1a5f-4f01-bc31-4f52c49c331d] received
[2026-04-28 11:01:13,289: INFO/ForkPoolWorker-2] Task tasks.probe_devices[039ff12f-1a5f-4f01-bc31-4f52c49c331d] succeeded in 0.02356629099995189s: {'total': 1, 'ok': 1, 'fail': 0, 'turned_offline': [], 'recovered': []}
[2026-04-28 11:01:43,258: INFO/Beat] Scheduler: Sending due task probe_devices_every_30s (tasks.probe_devices)
[2026-04-28 11:01:43,264: INFO/MainProcess] Task tasks.probe_devices[22f7f226-c008-46ea-a040-2d87bd9a6e8e] received
[2026-04-28 11:01:43,289: INFO/ForkPoolWorker-2] Task tasks.probe_devices[22f7f226-c008-46ea-a040-2d87bd9a6e8e] succeeded in 0.024206166000112717s: {'total': 1, 'ok': 1, 'fail': 0, 'turned_offline': [], 'recovered': []}
[2026-04-28 11:02:13,258: INFO/Beat] Scheduler: Sending due task probe_devices_every_30s (tasks.probe_devices)
[2026-04-28 11:02:13,264: INFO/MainProcess] Task tasks.probe_devices[cadedb1c-1db5-4fd8-a50d-08a4a78fc7a2] received
[2026-04-28 11:02:13,288: INFO/ForkPoolWorker-2] Task tasks.probe_devices[cadedb1c-1db5-4fd8-a50d-08a4a78fc7a2] succeeded in 0.023550000000341242s: {'total': 1, 'ok': 1, 'fail': 0, 'turned_offline': [], 'recovered': []}
[2026-04-28 11:02:43,259: INFO/Beat] Scheduler: Sending due task probe_devices_every_30s (tasks.probe_devices)
[2026-04-28 11:02:43,266: INFO/MainProcess] Task tasks.probe_devices[35885890-3820-4b57-bdc9-9b7ccfc12bb8] received
[2026-04-28 11:02:43,292: INFO/ForkPoolWorker-2] Task tasks.probe_devices[35885890-3820-4b57-bdc9-9b7ccfc12bb8] succeeded in 0.024870624999948632s: {'total': 1, 'ok': 1, 'fail': 0, 'turned_offline': [], 'recovered': []}
[2026-04-28 11:03:13,259: INFO/Beat] Scheduler: Sending due task probe_devices_every_30s (tasks.probe_devices)
[2026-04-28 11:03:13,263: INFO/MainProcess] Task tasks.probe_devices[688c7f79-df47-4d52-86b1-b3bdaafbf4b9] received
[2026-04-28 11:03:13,286: INFO/ForkPoolWorker-2] Task tasks.probe_devices[688c7f79-df47-4d52-86b1-b3bdaafbf4b9] succeeded in 0.022979666000082943s: {'total': 1, 'ok': 1, 'fail': 0, 'turned_offline': [], 'recovered': []}
[2026-04-28 11:03:43,259: INFO/Beat] Scheduler: Sending due task probe_devices_every_30s (tasks.probe_devices)
[2026-04-28 11:03:43,265: INFO/MainProcess] Task tasks.probe_devices[7ced792a-082f-43f8-bd37-fadbdb76706e] received
[2026-04-28 11:03:43,290: INFO/ForkPoolWorker-2] Task tasks.probe_devices[7ced792a-082f-43f8-bd37-fadbdb76706e] succeeded in 0.02413487499961775s: {'total': 1, 'ok': 1, 'fail': 0, 'turned_offline': [], 'recovered': []}
[2026-04-28 11:04:13,259: INFO/Beat] Scheduler: Sending due task probe_devices_every_30s (tasks.probe_devices)
[2026-04-28 11:04:13,266: INFO/MainProcess] Task tasks.probe_devices[4b7a314e-b329-494d-8de6-e0eb82bd8f11] received
[2026-04-28 11:04:13,289: INFO/ForkPoolWorker-2] Task tasks.probe_devices[4b7a314e-b329-494d-8de6-e0eb82bd8f11] succeeded in 0.023120332999951643s: {'total': 1, 'ok': 1, 'fail': 0, 'turned_offline': [], 'recovered': []}
[2026-04-28 11:04:43,259: INFO/Beat] Scheduler: Sending due task probe_devices_every_30s (tasks.probe_devices)
[2026-04-28 11:04:43,265: INFO/MainProcess] Task tasks.probe_devices[d2ec4d03-01ce-48cc-94dc-93ca9ab4f5fa] received
[2026-04-28 11:04:43,290: INFO/ForkPoolWorker-2] Task tasks.probe_devices[d2ec4d03-01ce-48cc-94dc-93ca9ab4f5fa] succeeded in 0.024256666999917798s: {'total': 1, 'ok': 1, 'fail': 0, 'turned_offline': [], 'recovered': []}
[2026-04-28 11:05:13,259: INFO/Beat] Scheduler: Sending due task probe_devices_every_30s (tasks.probe_devices)
[2026-04-28 11:05:13,265: INFO/MainProcess] Task tasks.probe_devices[069b7700-7f2a-49c7-bab1-6c942302d055] received
[2026-04-28 11:05:13,290: INFO/ForkPoolWorker-2] Task tasks.probe_devices[069b7700-7f2a-49c7-bab1-6c942302d055] succeeded in 0.02513145800003258s: {'total': 1, 'ok': 1, 'fail': 0, 'turned_offline': [], 'recovered': []}
[2026-04-28 11:05:43,259: INFO/Beat] Scheduler: Sending due task probe_devices_every_30s (tasks.probe_devices)
[2026-04-28 11:05:43,265: INFO/MainProcess] Task tasks.probe_devices[a9223f61-a735-41e1-ab2a-97a373c3e958] received
[2026-04-28 11:05:43,289: INFO/ForkPoolWorker-2] Task tasks.probe_devices[a9223f61-a735-41e1-ab2a-97a373c3e958] succeeded in 0.02310158400086948s: {'total': 1, 'ok': 1, 'fail': 0, 'turned_offline': [], 'recovered': []}
[2026-04-28 11:06:13,259: INFO/Beat] Scheduler: Sending due task probe_devices_every_30s (tasks.probe_devices)
[2026-04-28 11:06:13,265: INFO/MainProcess] Task tasks.probe_devices[8018c13a-32ed-4395-bff1-f59c94e2d668] received
[2026-04-28 11:06:13,290: INFO/ForkPoolWorker-2] Task tasks.probe_devices[8018c13a-32ed-4395-bff1-f59c94e2d668] succeeded in 0.024251208000350744s: {'total': 1, 'ok': 1, 'fail': 0, 'turned_offline': [], 'recovered': []}
[2026-04-28 11:06:43,259: INFO/Beat] Scheduler: Sending due task probe_devices_every_30s (tasks.probe_devices)
[2026-04-28 11:06:43,266: INFO/MainProcess] Task tasks.probe_devices[888e6a73-3a9c-451b-99dc-d43f330084a4] received
[2026-04-28 11:06:43,293: INFO/ForkPoolWorker-2] Task tasks.probe_devices[888e6a73-3a9c-451b-99dc-d43f330084a4] succeeded in 0.02590387500003999s: {'total': 1, 'ok': 1, 'fail': 0, 'turned_offline': [], 'recovered': []}
[2026-04-28 11:07:13,259: INFO/Beat] Scheduler: Sending due task probe_devices_every_30s (tasks.probe_devices)
[2026-04-28 11:07:13,265: INFO/MainProcess] Task tasks.probe_devices[419e144d-49e6-49a5-96f3-ab1c471846f7] received
[2026-04-28 11:07:13,293: INFO/ForkPoolWorker-2] Task tasks.probe_devices[419e144d-49e6-49a5-96f3-ab1c471846f7] succeeded in 0.02725687500060303s: {'total': 1, 'ok': 1, 'fail': 0, 'turned_offline': [], 'recovered': []}
[2026-04-28 11:07:43,259: INFO/Beat] Scheduler: Sending due task probe_devices_every_30s (tasks.probe_devices)
[2026-04-28 11:07:43,265: INFO/MainProcess] Task tasks.probe_devices[3071ea1b-8b39-49f3-993c-ffbd899de545] received
[2026-04-28 11:07:43,290: INFO/ForkPoolWorker-2] Task tasks.probe_devices[3071ea1b-8b39-49f3-993c-ffbd899de545] succeeded in 0.023897792000752816s: {'total': 1, 'ok': 1, 'fail': 0, 'turned_offline': [], 'recovered': []}
[2026-04-28 11:08:13,259: INFO/Beat] Scheduler: Sending due task probe_devices_every_30s (tasks.probe_devices)
[2026-04-28 11:08:13,264: INFO/MainProcess] Task tasks.probe_devices[7ebfb5a8-1aef-4fc7-bd1f-a2dffbd83ed6] received
[2026-04-28 11:08:13,288: INFO/ForkPoolWorker-2] Task tasks.probe_devices[7ebfb5a8-1aef-4fc7-bd1f-a2dffbd83ed6] succeeded in 0.022852125000099477s: {'total': 1, 'ok': 1, 'fail': 0, 'turned_offline': [], 'recovered': []}
[2026-04-28 11:08:43,259: INFO/Beat] Scheduler: Sending due task probe_devices_every_30s (tasks.probe_devices)
[2026-04-28 11:08:43,278: INFO/MainProcess] Task tasks.probe_devices[31dcbaae-6235-4a97-91b4-3ce925db6efb] received
[2026-04-28 11:08:43,306: INFO/ForkPoolWorker-2] Task tasks.probe_devices[31dcbaae-6235-4a97-91b4-3ce925db6efb] succeeded in 0.027724416000637575s: {'total': 1, 'ok': 1, 'fail': 0, 'turned_offline': [], 'recovered': []}
[2026-04-28 11:09:13,259: INFO/Beat] Scheduler: Sending due task probe_devices_every_30s (tasks.probe_devices)
[2026-04-28 11:09:13,263: INFO/MainProcess] Task tasks.probe_devices[fc113b47-8b06-46e0-8b09-3adea83d3803] received
[2026-04-28 11:09:13,287: INFO/ForkPoolWorker-2] Task tasks.probe_devices[fc113b47-8b06-46e0-8b09-3adea83d3803] succeeded in 0.023357583000688464s: {'total': 1, 'ok': 1, 'fail': 0, 'turned_offline': [], 'recovered': []}
[2026-04-28 11:09:43,259: INFO/Beat] Scheduler: Sending due task probe_devices_every_30s (tasks.probe_devices)
[2026-04-28 11:09:43,266: INFO/MainProcess] Task tasks.probe_devices[15c84e6c-4f63-463e-b6ef-fc3d770f20b6] received
[2026-04-28 11:09:43,295: INFO/ForkPoolWorker-2] Task tasks.probe_devices[15c84e6c-4f63-463e-b6ef-fc3d770f20b6] succeeded in 0.02748804100065172s: {'total': 1, 'ok': 1, 'fail': 0, 'turned_offline': [], 'recovered': []}
[2026-04-28 11:10:13,259: INFO/Beat] Scheduler: Sending due task probe_devices_every_30s (tasks.probe_devices)
[2026-04-28 11:10:13,263: INFO/MainProcess] Task tasks.probe_devices[22eb1f0d-167a-430f-bf8a-b0fd46280ef8] received
[2026-04-28 11:10:13,286: INFO/ForkPoolWorker-2] Task tasks.probe_devices[22eb1f0d-167a-430f-bf8a-b0fd46280ef8] succeeded in 0.022644374999799766s: {'total': 1, 'ok': 1, 'fail': 0, 'turned_offline': [], 'recovered': []}
[2026-04-28 11:10:43,259: INFO/Beat] Scheduler: Sending due task probe_devices_every_30s (tasks.probe_devices)
[2026-04-28 11:10:43,266: INFO/MainProcess] Task tasks.probe_devices[de2eb8a0-8383-4fe1-a74e-362a3834166e] received
[2026-04-28 11:10:43,292: INFO/ForkPoolWorker-2] Task tasks.probe_devices[de2eb8a0-8383-4fe1-a74e-362a3834166e] succeeded in 0.02561000000059721s: {'total': 1, 'ok': 1, 'fail': 0, 'turned_offline': [], 'recovered': []}
[2026-04-28 11:11:13,259: INFO/Beat] Scheduler: Sending due task probe_devices_every_30s (tasks.probe_devices)
[2026-04-28 11:11:13,267: INFO/MainProcess] Task tasks.probe_devices[157ba57c-e94d-4480-9ca2-433b5bd8bc3b] received
[2026-04-28 11:11:13,292: INFO/ForkPoolWorker-2] Task tasks.probe_devices[157ba57c-e94d-4480-9ca2-433b5bd8bc3b] succeeded in 0.024196791000576923s: {'total': 1, 'ok': 1, 'fail': 0, 'turned_offline': [], 'recovered': []}
[2026-04-28 11:11:43,259: INFO/Beat] Scheduler: Sending due task probe_devices_every_30s (tasks.probe_devices)
[2026-04-28 11:11:43,266: INFO/MainProcess] Task tasks.probe_devices[e0603250-5386-472c-b2ac-1482bbb88984] received
[2026-04-28 11:11:43,292: INFO/ForkPoolWorker-2] Task tasks.probe_devices[e0603250-5386-472c-b2ac-1482bbb88984] succeeded in 0.02518004200010182s: {'total': 1, 'ok': 1, 'fail': 0, 'turned_offline': [], 'recovered': []}
[2026-04-28 11:12:13,259: INFO/Beat] Scheduler: Sending due task probe_devices_every_30s (tasks.probe_devices)
[2026-04-28 11:12:13,267: INFO/MainProcess] Task tasks.probe_devices[89dad0d7-ddfa-4901-b5ce-f2124e4fc978] received
[2026-04-28 11:12:13,290: INFO/ForkPoolWorker-2] Task tasks.probe_devices[89dad0d7-ddfa-4901-b5ce-f2124e4fc978] succeeded in 0.02272445800008427s: {'total': 1, 'ok': 1, 'fail': 0, 'turned_offline': [], 'recovered': []}
[2026-04-28 11:12:43,259: INFO/Beat] Scheduler: Sending due task probe_devices_every_30s (tasks.probe_devices)
[2026-04-28 11:12:43,270: INFO/MainProcess] Task tasks.probe_devices[bf12b9ca-3c4f-4df7-bc7e-c53f7d20335d] received
[2026-04-28 11:12:43,322: INFO/ForkPoolWorker-2] Task tasks.probe_devices[bf12b9ca-3c4f-4df7-bc7e-c53f7d20335d] succeeded in 0.04995183299979544s: {'total': 1, 'ok': 1, 'fail': 0, 'turned_offline': [], 'recovered': []}
[2026-04-28 11:13:13,259: INFO/Beat] Scheduler: Sending due task probe_devices_every_30s (tasks.probe_devices)
[2026-04-28 11:13:13,265: INFO/MainProcess] Task tasks.probe_devices[0fedad8f-b926-41e0-9feb-670c959a0191] received
[2026-04-28 11:13:13,289: INFO/ForkPoolWorker-2] Task tasks.probe_devices[0fedad8f-b926-41e0-9feb-670c959a0191] succeeded in 0.023114167000130692s: {'total': 1, 'ok': 1, 'fail': 0, 'turned_offline': [], 'recovered': []}
[2026-04-28 11:13:43,259: INFO/Beat] Scheduler: Sending due task probe_devices_every_30s (tasks.probe_devices)
[2026-04-28 11:13:43,265: INFO/MainProcess] Task tasks.probe_devices[f31d94dd-9647-4d9e-ad57-1fcb326339e7] received
[2026-04-28 11:13:43,289: INFO/ForkPoolWorker-2] Task tasks.probe_devices[f31d94dd-9647-4d9e-ad57-1fcb326339e7] succeeded in 0.023913958000775892s: {'total': 1, 'ok': 1, 'fail': 0, 'turned_offline': [], 'recovered': []}
[2026-04-28 11:14:13,259: INFO/Beat] Scheduler: Sending due task probe_devices_every_30s (tasks.probe_devices)
[2026-04-28 11:14:13,267: INFO/MainProcess] Task tasks.probe_devices[af2fb827-66a2-4d61-a828-f42508517b12] received
[2026-04-28 11:14:13,296: INFO/ForkPoolWorker-2] Task tasks.probe_devices[af2fb827-66a2-4d61-a828-f42508517b12] succeeded in 0.02860145900012867s: {'total': 1, 'ok': 1, 'fail': 0, 'turned_offline': [], 'recovered': []}
[2026-04-28 11:14:43,259: INFO/Beat] Scheduler: Sending due task probe_devices_every_30s (tasks.probe_devices)
[2026-04-28 11:14:43,265: INFO/MainProcess] Task tasks.probe_devices[e84f5e8d-601e-44a8-9ae4-8da8ee8954ef] received
[2026-04-28 11:14:43,289: INFO/ForkPoolWorker-2] Task tasks.probe_devices[e84f5e8d-601e-44a8-9ae4-8da8ee8954ef] succeeded in 0.023122000000512344s: {'total': 1, 'ok': 1, 'fail': 0, 'turned_offline': [], 'recovered': []}
[2026-04-28 11:15:13,259: INFO/Beat] Scheduler: Sending due task probe_devices_every_30s (tasks.probe_devices)
[2026-04-28 11:15:13,264: INFO/MainProcess] Task tasks.probe_devices[0a98fc73-2c4b-46f2-8360-165765d5155b] received
[2026-04-28 11:15:13,289: INFO/ForkPoolWorker-2] Task tasks.probe_devices[0a98fc73-2c4b-46f2-8360-165765d5155b] succeeded in 0.02416412499951548s: {'total': 1, 'ok': 1, 'fail': 0, 'turned_offline': [], 'recovered': []}
[2026-04-28 11:15:43,259: INFO/Beat] Scheduler: Sending due task probe_devices_every_30s (tasks.probe_devices)
[2026-04-28 11:15:43,268: INFO/MainProcess] Task tasks.probe_devices[51ba30bf-db0f-432c-98de-010c19becfe1] received
[2026-04-28 11:15:43,294: INFO/ForkPoolWorker-2] Task tasks.probe_devices[51ba30bf-db0f-432c-98de-010c19becfe1] succeeded in 0.026015999999799533s: {'total': 1, 'ok': 1, 'fail': 0, 'turned_offline': [], 'recovered': []}
[2026-04-28 11:16:13,259: INFO/Beat] Scheduler: Sending due task probe_devices_every_30s (tasks.probe_devices)
[2026-04-28 11:16:13,267: INFO/MainProcess] Task tasks.probe_devices[1e039d36-3fc5-400f-aa2f-6330ded6da8a] received
[2026-04-28 11:16:13,296: INFO/ForkPoolWorker-2] Task tasks.probe_devices[1e039d36-3fc5-400f-aa2f-6330ded6da8a] succeeded in 0.028228375000253436s: {'total': 1, 'ok': 1, 'fail': 0, 'turned_offline': [], 'recovered': []}
[2026-04-28 11:16:43,259: INFO/Beat] Scheduler: Sending due task probe_devices_every_30s (tasks.probe_devices)
[2026-04-28 11:16:43,266: INFO/MainProcess] Task tasks.probe_devices[2716a5de-80dc-4c5a-b3a3-da812371e3f8] received
[2026-04-28 11:16:43,291: INFO/ForkPoolWorker-2] Task tasks.probe_devices[2716a5de-80dc-4c5a-b3a3-da812371e3f8] succeeded in 0.024544832999708888s: {'total': 1, 'ok': 1, 'fail': 0, 'turned_offline': [], 'recovered': []}
[2026-04-28 11:16:53,108: INFO/MainProcess] Task tasks.dispatch_ai_task[5b67a809-cb7b-41fe-afec-5b5ec6fd459c] received
[2026-04-28 11:16:53,109: INFO/ForkPoolWorker-2] [ai_task] start ai_run_id=1
[2026-04-28 11:16:53,120: INFO/ForkPoolWorker-2] 正在执行全量配置重载...
[2026-04-28 11:16:53,122: ERROR/ForkPoolWorker-2] [ai_task] ai_run 1 failed: 配置中心 'ai' 分组为空。请在 /config 页面配置 provider / api_key / model。
[2026-04-28 11:16:53,127: WARNING/ForkPoolWorker-2] Traceback (most recent call last):
[2026-04-28 11:16:53,127: WARNING/ForkPoolWorker-2]   File "/Users/Apple/Documents/test_automation_platform/tasks/ai_tasks.py", line 59, in dispatch_ai_task
    result = handler(run, session)
[2026-04-28 11:16:53,128: WARNING/ForkPoolWorker-2]   File "/Users/Apple/Documents/test_automation_platform/tasks/ai_tasks.py", line 116, in _handle_requirement_parse
    res = chat_json(
[2026-04-28 11:16:53,128: WARNING/ForkPoolWorker-2]   File "/Users/Apple/Documents/test_automation_platform/ai_gateway/gateway.py", line 123, in chat_json
    cfg = _load_ai_config()
[2026-04-28 11:16:53,128: WARNING/ForkPoolWorker-2]   File "/Users/Apple/Documents/test_automation_platform/ai_gateway/gateway.py", line 59, in _load_ai_config
    raise NoProviderConfiguredError(
[2026-04-28 11:16:53,128: WARNING/ForkPoolWorker-2] ai_gateway.gateway.NoProviderConfiguredError: 配置中心 'ai' 分组为空。请在 /config 页面配置 provider / api_key / model。
[2026-04-28 11:16:53,148: INFO/ForkPoolWorker-2] Task tasks.dispatch_ai_task[5b67a809-cb7b-41fe-afec-5b5ec6fd459c] succeeded in 0.0384397079997143s: {'status': 'error', 'message': '配置中心 \'ai\' 分组为空。请在 /config 页面配置 provider / api_key / model。'}
[2026-04-28 11:17:13,259: INFO/Beat] Scheduler: Sending due task probe_devices_every_30s (tasks.probe_devices)
[2026-04-28 11:17:13,265: INFO/MainProcess] Task tasks.probe_devices[5c6b5935-f247-426e-8b59-22fbfe72f245] received
[2026-04-28 11:17:13,288: INFO/ForkPoolWorker-2] Task tasks.probe_devices[5c6b5935-f247-426e-8b59-22fbfe72f245] succeeded in 0.022610499999245803s: {'total': 1, 'ok': 1, 'fail': 0, 'turned_offline': [], 'recovered': []}
[2026-04-28 11:17:43,259: INFO/Beat] Scheduler: Sending due task probe_devices_every_30s (tasks.probe_devices)
[2026-04-28 11:17:43,266: INFO/MainProcess] Task tasks.probe_devices[330c0598-35e1-42d7-8788-08f3b63fff36] received
[2026-04-28 11:17:43,291: INFO/ForkPoolWorker-2] Task tasks.probe_devices[330c0598-35e1-42d7-8788-08f3b63fff36] succeeded in 0.024383166999541572s: {'total': 1, 'ok': 1, 'fail': 0, 'turned_offline': [], 'recovered': []}
[2026-04-28 11:18:13,259: INFO/Beat] Scheduler: Sending due task probe_devices_every_30s (tasks.probe_devices)
[2026-04-28 11:18:13,265: INFO/MainProcess] Task tasks.probe_devices[f4f55bc7-4b60-4a81-9c66-9268c3372035] received
[2026-04-28 11:18:13,297: INFO/ForkPoolWorker-2] Task tasks.probe_devices[f4f55bc7-4b60-4a81-9c66-9268c3372035] succeeded in 0.031564708000587416s: {'total': 1, 'ok': 1, 'fail': 0, 'turned_offline': [], 'recovered': []}
[2026-04-28 11:18:43,259: INFO/Beat] Scheduler: Sending due task probe_devices_every_30s (tasks.probe_devices)
[2026-04-28 11:18:43,265: INFO/MainProcess] Task tasks.probe_devices[705c6de3-a729-4ad1-8abc-0912de77b809] received
[2026-04-28 11:18:43,292: INFO/ForkPoolWorker-2] Task tasks.probe_devices[705c6de3-a729-4ad1-8abc-0912de77b809] succeeded in 0.026131791999432608s: {'total': 1, 'ok': 1, 'fail': 0, 'turned_offline': [], 'recovered': []}
[2026-04-28 11:19:13,259: INFO/Beat] Scheduler: Sending due task probe_devices_every_30s (tasks.probe_devices)
[2026-04-28 11:19:13,265: INFO/MainProcess] Task tasks.probe_devices[7707dffe-87f8-4f8c-a70d-a561947437cd] received
[2026-04-28 11:19:13,290: INFO/ForkPoolWorker-2] Task tasks.probe_devices[7707dffe-87f8-4f8c-a70d-a561947437cd] succeeded in 0.023876707999988867s: {'total': 1, 'ok': 1, 'fail': 0, 'turned_offline': [], 'recovered': []}
[2026-04-28 11:19:43,259: INFO/Beat] Scheduler: Sending due task probe_devices_every_30s (tasks.probe_devices)
[2026-04-28 11:19:43,266: INFO/MainProcess] Task tasks.probe_devices[99ec5c0f-13a7-46e7-a4a8-0d04cf9aef27] received
[2026-04-28 11:19:43,291: INFO/ForkPoolWorker-2] Task tasks.probe_devices[99ec5c0f-13a7-46e7-a4a8-0d04cf9aef27] succeeded in 0.02528470900051616s: {'total': 1, 'ok': 1, 'fail': 0, 'turned_offline': [], 'recovered': []}
[2026-04-28 11:20:13,259: INFO/Beat] Scheduler: Sending due task probe_devices_every_30s (tasks.probe_devices)
[2026-04-28 11:20:13,265: INFO/MainProcess] Task tasks.probe_devices[002acab7-3f25-422e-b4db-9fe409647f9a] received
[2026-04-28 11:20:13,292: INFO/ForkPoolWorker-2] Task tasks.probe_devices[002acab7-3f25-422e-b4db-9fe409647f9a] succeeded in 0.027204375000110304s: {'total': 1, 'ok': 1, 'fail': 0, 'turned_offline': [], 'recovered': []}
[2026-04-28 11:20:43,259: INFO/Beat] Scheduler: Sending due task probe_devices_every_30s (tasks.probe_devices)
[2026-04-28 11:20:43,264: INFO/MainProcess] Task tasks.probe_devices[8d153bc0-6157-4ba0-9848-3cfd0695ae23] received
[2026-04-28 11:20:43,287: INFO/ForkPoolWorker-2] Task tasks.probe_devices[8d153bc0-6157-4ba0-9848-3cfd0695ae23] succeeded in 0.022947333000047365s: {'total': 1, 'ok': 1, 'fail': 0, 'turned_offline': [], 'recovered': []}
[2026-04-28 11:21:13,259: INFO/Beat] Scheduler: Sending due task probe_devices_every_30s (tasks.probe_devices)
[2026-04-28 11:21:13,266: INFO/MainProcess] Task tasks.probe_devices[d5381952-27bb-4ef4-869c-9f16ff7d2077] received
[2026-04-28 11:21:13,292: INFO/ForkPoolWorker-2] Task tasks.probe_devices[d5381952-27bb-4ef4-869c-9f16ff7d2077] succeeded in 0.025609583000004932s: {'total': 1, 'ok': 1, 'fail': 0, 'turned_offline': [], 'recovered': []}
[2026-04-28 11:21:43,259: INFO/Beat] Scheduler: Sending due task probe_devices_every_30s (tasks.probe_devices)
[2026-04-28 11:21:43,264: INFO/MainProcess] Task tasks.probe_devices[7e6351fa-a5a3-4c0a-8872-13439d35bb8c] received
[2026-04-28 11:21:43,287: INFO/ForkPoolWorker-2] Task tasks.probe_devices[7e6351fa-a5a3-4c0a-8872-13439d35bb8c] succeeded in 0.022756082999876526s: {'total': 1, 'ok': 1, 'fail': 0, 'turned_offline': [], 'recovered': []}
[2026-04-28 11:22:13,259: INFO/Beat] Scheduler: Sending due task probe_devices_every_30s (tasks.probe_devices)
[2026-04-28 11:22:13,267: INFO/MainProcess] Task tasks.probe_devices[7c22a814-1633-4585-bf72-f7b9ff52ac09] received
[2026-04-28 11:22:13,292: INFO/ForkPoolWorker-2] Task tasks.probe_devices[7c22a814-1633-4585-bf72-f7b9ff52ac09] succeeded in 0.025155125000310363s: {'total': 1, 'ok': 1, 'fail': 0, 'turned_offline': [], 'recovered': []}
[2026-04-28 11:22:43,259: INFO/Beat] Scheduler: Sending due task probe_devices_every_30s (tasks.probe_devices)
[2026-04-28 11:22:43,267: INFO/MainProcess] Task tasks.probe_devices[186bce63-aa57-443c-a423-44615159ecf4] received
[2026-04-28 11:22:43,291: INFO/ForkPoolWorker-2] Task tasks.probe_devices[186bce63-aa57-443c-a423-44615159ecf4] succeeded in 0.023320540999520745s: {'total': 1, 'ok': 1, 'fail': 0, 'turned_offline': [], 'recovered': []}
[2026-04-28 11:23:13,259: INFO/Beat] Scheduler: Sending due task probe_devices_every_30s (tasks.probe_devices)
[2026-04-28 11:23:13,268: INFO/MainProcess] Task tasks.probe_devices[47e249f9-f8f3-4cdf-8923-136b8e8ecb38] received
[2026-04-28 11:23:13,294: INFO/ForkPoolWorker-2] Task tasks.probe_devices[47e249f9-f8f3-4cdf-8923-136b8e8ecb38] succeeded in 0.025468167000326503s: {'total': 1, 'ok': 1, 'fail': 0, 'turned_offline': [], 'recovered': []}
[2026-04-28 11:23:43,259: INFO/Beat] Scheduler: Sending due task probe_devices_every_30s (tasks.probe_devices)
[2026-04-28 11:23:43,266: INFO/MainProcess] Task tasks.probe_devices[c3552dfe-7fe9-488a-82ea-b0e4d5e3a16d] received
[2026-04-28 11:23:43,293: INFO/ForkPoolWorker-2] Task tasks.probe_devices[c3552dfe-7fe9-488a-82ea-b0e4d5e3a16d] succeeded in 0.026030416999674344s: {'total': 1, 'ok': 1, 'fail': 0, 'turned_offline': [], 'recovered': []}
[2026-04-28 11:24:13,259: INFO/Beat] Scheduler: Sending due task probe_devices_every_30s (tasks.probe_devices)
[2026-04-28 11:24:13,268: INFO/MainProcess] Task tasks.probe_devices[05e51c3c-ab7c-4c16-b188-de6f32ffaa74] received
[2026-04-28 11:24:13,294: INFO/ForkPoolWorker-2] Task tasks.probe_devices[05e51c3c-ab7c-4c16-b188-de6f32ffaa74] succeeded in 0.025425124999856052s: {'total': 1, 'ok': 1, 'fail': 0, 'turned_offline': [], 'recovered': []}
[2026-04-28 11:24:43,259: INFO/Beat] Scheduler: Sending due task probe_devices_every_30s (tasks.probe_devices)
[2026-04-28 11:24:43,268: INFO/MainProcess] Task tasks.probe_devices[3b9228f3-3044-4a7d-887c-be4d76b3317a] received
[2026-04-28 11:24:43,294: INFO/ForkPoolWorker-2] Task tasks.probe_devices[3b9228f3-3044-4a7d-887c-be4d76b3317a] succeeded in 0.025012334000166447s: {'total': 1, 'ok': 1, 'fail': 0, 'turned_offline': [], 'recovered': []}
[2026-04-28 11:25:13,259: INFO/Beat] Scheduler: Sending due task probe_devices_every_30s (tasks.probe_devices)
[2026-04-28 11:25:13,265: INFO/MainProcess] Task tasks.probe_devices[2a8202df-407f-4f1f-92d0-5fcec2f4a290] received
[2026-04-28 11:25:13,290: INFO/ForkPoolWorker-2] Task tasks.probe_devices[2a8202df-407f-4f1f-92d0-5fcec2f4a290] succeeded in 0.024136875000294822s: {'total': 1, 'ok': 1, 'fail': 0, 'turned_offline': [], 'recovered': []}
[2026-04-28 11:25:43,259: INFO/Beat] Scheduler: Sending due task probe_devices_every_30s (tasks.probe_devices)
[2026-04-28 11:25:43,268: INFO/MainProcess] Task tasks.probe_devices[5d4bd4c8-60d2-4d0d-889e-059360d02570] received
[2026-04-28 11:25:43,294: INFO/ForkPoolWorker-2] Task tasks.probe_devices[5d4bd4c8-60d2-4d0d-889e-059360d02570] succeeded in 0.025292624999565305s: {'total': 1, 'ok': 1, 'fail': 0, 'turned_offline': [], 'recovered': []}
[2026-04-28 11:26:13,259: INFO/Beat] Scheduler: Sending due task probe_devices_every_30s (tasks.probe_devices)
[2026-04-28 11:26:13,270: INFO/MainProcess] Task tasks.probe_devices[20cbc079-b017-4028-a209-c9dc4d841b39] received
[2026-04-28 11:26:13,294: INFO/ForkPoolWorker-2] Task tasks.probe_devices[20cbc079-b017-4028-a209-c9dc4d841b39] succeeded in 0.024184166999475565s: {'total': 1, 'ok': 1, 'fail': 0, 'turned_offline': [], 'recovered': []}
[2026-04-28 11:26:43,260: INFO/Beat] Scheduler: Sending due task probe_devices_every_30s (tasks.probe_devices)
[2026-04-28 11:26:43,263: INFO/MainProcess] Task tasks.probe_devices[655eb51e-d118-43d2-98b2-2ee205176ced] received
[2026-04-28 11:26:43,288: INFO/ForkPoolWorker-2] Task tasks.probe_devices[655eb51e-d118-43d2-98b2-2ee205176ced] succeeded in 0.02367091700034507s: {'total': 1, 'ok': 1, 'fail': 0, 'turned_offline': [], 'recovered': []}
[2026-04-28 11:27:13,260: INFO/Beat] Scheduler: Sending due task probe_devices_every_30s (tasks.probe_devices)
[2026-04-28 11:27:13,266: INFO/MainProcess] Task tasks.probe_devices[f4a8e6c2-b026-49bf-8527-b31a9d9e61c7] received
[2026-04-28 11:27:13,292: INFO/ForkPoolWorker-2] Task tasks.probe_devices[f4a8e6c2-b026-49bf-8527-b31a9d9e61c7] succeeded in 0.02569500000026892s: {'total': 1, 'ok': 1, 'fail': 0, 'turned_offline': [], 'recovered': []}
[2026-04-28 11:27:43,260: INFO/Beat] Scheduler: Sending due task probe_devices_every_30s (tasks.probe_devices)
[2026-04-28 11:27:43,265: INFO/MainProcess] Task tasks.probe_devices[e0580b50-97bf-4102-aaab-bdbde3d72503] received
[2026-04-28 11:27:43,293: INFO/ForkPoolWorker-2] Task tasks.probe_devices[e0580b50-97bf-4102-aaab-bdbde3d72503] succeeded in 0.02729666699997324s: {'total': 1, 'ok': 1, 'fail': 0, 'turned_offline': [], 'recovered': []}
[2026-04-28 11:28:13,260: INFO/Beat] Scheduler: Sending due task probe_devices_every_30s (tasks.probe_devices)
[2026-04-28 11:28:13,268: INFO/MainProcess] Task tasks.probe_devices[608b75f2-29fd-4ab9-b819-bb38ae8e0e34] received
[2026-04-28 11:28:13,294: INFO/ForkPoolWorker-2] Task tasks.probe_devices[608b75f2-29fd-4ab9-b819-bb38ae8e0e34] succeeded in 0.025371415999870806s: {'total': 1, 'ok': 1, 'fail': 0, 'turned_offline': [], 'recovered': []}
[2026-04-28 11:28:43,260: INFO/Beat] Scheduler: Sending due task probe_devices_every_30s (tasks.probe_devices)
[2026-04-28 11:28:43,269: INFO/MainProcess] Task tasks.probe_devices[cbe51736-d062-4ebe-a12c-6ce8b783d0ef] received
[2026-04-28 11:28:43,295: INFO/ForkPoolWorker-2] Task tasks.probe_devices[cbe51736-d062-4ebe-a12c-6ce8b783d0ef] succeeded in 0.025516124999739986s: {'total': 1, 'ok': 1, 'fail': 0, 'turned_offline': [], 'recovered': []}
[2026-04-28 11:29:13,260: INFO/Beat] Scheduler: Sending due task probe_devices_every_30s (tasks.probe_devices)
[2026-04-28 11:29:13,268: INFO/MainProcess] Task tasks.probe_devices[173a3edb-6c78-4488-8e09-9fac15234c1d] received
[2026-04-28 11:29:13,291: INFO/ForkPoolWorker-2] Task tasks.probe_devices[173a3edb-6c78-4488-8e09-9fac15234c1d] succeeded in 0.022950624999793945s: {'total': 1, 'ok': 1, 'fail': 0, 'turned_offline': [], 'recovered': []}
[2026-04-28 11:29:43,260: INFO/Beat] Scheduler: Sending due task probe_devices_every_30s (tasks.probe_devices)
[2026-04-28 11:29:43,265: INFO/MainProcess] Task tasks.probe_devices[8168c35b-45ad-40c6-9f33-e8596860d1e4] received
[2026-04-28 11:29:43,289: INFO/ForkPoolWorker-2] Task tasks.probe_devices[8168c35b-45ad-40c6-9f33-e8596860d1e4] succeeded in 0.0238123330000235s: {'total': 1, 'ok': 1, 'fail': 0, 'turned_offline': [], 'recovered': []}
[2026-04-28 11:30:13,260: INFO/Beat] Scheduler: Sending due task probe_devices_every_30s (tasks.probe_devices)
[2026-04-28 11:30:13,265: INFO/MainProcess] Task tasks.probe_devices[8fb9f0ff-d011-4fa1-99e6-3d3082c6e288] received
[2026-04-28 11:30:13,288: INFO/ForkPoolWorker-2] Task tasks.probe_devices[8fb9f0ff-d011-4fa1-99e6-3d3082c6e288] succeeded in 0.022533708000082697s: {'total': 1, 'ok': 1, 'fail': 0, 'turned_offline': [], 'recovered': []}
[2026-04-28 11:30:43,260: INFO/Beat] Scheduler: Sending due task probe_devices_every_30s (tasks.probe_devices)
[2026-04-28 11:30:43,266: INFO/MainProcess] Task tasks.probe_devices[e05401bc-eabc-4753-912e-ae516c12476d] received
[2026-04-28 11:30:43,290: INFO/ForkPoolWorker-2] Task tasks.probe_devices[e05401bc-eabc-4753-912e-ae516c12476d] succeeded in 0.024005167000723304s: {'total': 1, 'ok': 1, 'fail': 0, 'turned_offline': [], 'recovered': []}
[2026-04-28 11:31:13,260: INFO/Beat] Scheduler: Sending due task probe_devices_every_30s (tasks.probe_devices)
[2026-04-28 11:31:13,267: INFO/MainProcess] Task tasks.probe_devices[3ad4b2a2-c28d-4cdd-9497-4632520e13c5] received
[2026-04-28 11:31:13,290: INFO/ForkPoolWorker-2] Task tasks.probe_devices[3ad4b2a2-c28d-4cdd-9497-4632520e13c5] succeeded in 0.0221554580002703s: {'total': 1, 'ok': 1, 'fail': 0, 'turned_offline': [], 'recovered': []}
[2026-04-28 11:31:43,260: INFO/Beat] Scheduler: Sending due task probe_devices_every_30s (tasks.probe_devices)
[2026-04-28 11:31:43,264: INFO/MainProcess] Task tasks.probe_devices[2089dea9-041d-4892-8521-aeffbf48db37] received
[2026-04-28 11:31:43,289: INFO/ForkPoolWorker-2] Task tasks.probe_devices[2089dea9-041d-4892-8521-aeffbf48db37] succeeded in 0.024317250000422064s: {'total': 1, 'ok': 1, 'fail': 0, 'turned_offline': [], 'recovered': []}
[2026-04-28 11:32:13,260: INFO/Beat] Scheduler: Sending due task probe_devices_every_30s (tasks.probe_devices)
[2026-04-28 11:32:13,270: INFO/MainProcess] Task tasks.probe_devices[d680cd05-9b49-482e-b0ec-391e928710b2] received
[2026-04-28 11:32:13,294: INFO/ForkPoolWorker-2] Task tasks.probe_devices[d680cd05-9b49-482e-b0ec-391e928710b2] succeeded in 0.023280917000192858s: {'total': 1, 'ok': 1, 'fail': 0, 'turned_offline': [], 'recovered': []}
[2026-04-28 11:32:43,260: INFO/Beat] Scheduler: Sending due task probe_devices_every_30s (tasks.probe_devices)
[2026-04-28 11:32:43,268: INFO/MainProcess] Task tasks.probe_devices[f759eee0-53d7-4642-9cdf-828f04beae2a] received
[2026-04-28 11:32:43,292: INFO/ForkPoolWorker-2] Task tasks.probe_devices[f759eee0-53d7-4642-9cdf-828f04beae2a] succeeded in 0.023074290999829827s: {'total': 1, 'ok': 1, 'fail': 0, 'turned_offline': [], 'recovered': []}
[2026-04-28 11:33:13,260: INFO/Beat] Scheduler: Sending due task probe_devices_every_30s (tasks.probe_devices)
[2026-04-28 11:33:13,268: INFO/MainProcess] Task tasks.probe_devices[bde78096-a733-4b1c-af63-b8a288596ddb] received
[2026-04-28 11:33:13,292: INFO/ForkPoolWorker-2] Task tasks.probe_devices[bde78096-a733-4b1c-af63-b8a288596ddb] succeeded in 0.023291790999792283s: {'total': 1, 'ok': 1, 'fail': 0, 'turned_offline': [], 'recovered': []}
[2026-04-28 11:33:43,260: INFO/Beat] Scheduler: Sending due task probe_devices_every_30s (tasks.probe_devices)
[2026-04-28 11:33:43,268: INFO/MainProcess] Task tasks.probe_devices[4c9b3b75-0714-4162-a69c-fd17e7c65fe1] received
[2026-04-28 11:33:43,293: INFO/ForkPoolWorker-2] Task tasks.probe_devices[4c9b3b75-0714-4162-a69c-fd17e7c65fe1] succeeded in 0.02433724999991682s: {'total': 1, 'ok': 1, 'fail': 0, 'turned_offline': [], 'recovered': []}
[2026-04-28 11:34:13,260: INFO/Beat] Scheduler: Sending due task probe_devices_every_30s (tasks.probe_devices)
[2026-04-28 11:34:13,265: INFO/MainProcess] Task tasks.probe_devices[6bd8bd5c-ab7b-4f5b-8370-586dbaed5bfc] received
[2026-04-28 11:34:13,287: INFO/ForkPoolWorker-2] Task tasks.probe_devices[6bd8bd5c-ab7b-4f5b-8370-586dbaed5bfc] succeeded in 0.021728417000304034s: {'total': 1, 'ok': 1, 'fail': 0, 'turned_offline': [], 'recovered': []}
[2026-04-28 11:34:43,260: INFO/Beat] Scheduler: Sending due task probe_devices_every_30s (tasks.probe_devices)
[2026-04-28 11:34:43,264: INFO/MainProcess] Task tasks.probe_devices[06ac25ee-54ef-453e-a520-80d369c5c374] received
[2026-04-28 11:34:43,290: INFO/ForkPoolWorker-2] Task tasks.probe_devices[06ac25ee-54ef-453e-a520-80d369c5c374] succeeded in 0.024812417000248388s: {'total': 1, 'ok': 1, 'fail': 0, 'turned_offline': [], 'recovered': []}
[2026-04-28 11:35:13,260: INFO/Beat] Scheduler: Sending due task probe_devices_every_30s (tasks.probe_devices)
[2026-04-28 11:35:13,265: INFO/MainProcess] Task tasks.probe_devices[7c961c37-3675-4a44-b21f-22d76d9950d5] received
[2026-04-28 11:35:13,293: INFO/ForkPoolWorker-2] Task tasks.probe_devices[7c961c37-3675-4a44-b21f-22d76d9950d5] succeeded in 0.027448625000033644s: {'total': 1, 'ok': 1, 'fail': 0, 'turned_offline': [], 'recovered': []}
[2026-04-28 11:35:43,260: INFO/Beat] Scheduler: Sending due task probe_devices_every_30s (tasks.probe_devices)
[2026-04-28 11:35:43,266: INFO/MainProcess] Task tasks.probe_devices[9c933cf1-6a1f-4778-9194-b806298e2dae] received
[2026-04-28 11:35:43,289: INFO/ForkPoolWorker-2] Task tasks.probe_devices[9c933cf1-6a1f-4778-9194-b806298e2dae] succeeded in 0.022817874999418564s: {'total': 1, 'ok': 1, 'fail': 0, 'turned_offline': [], 'recovered': []}
[2026-04-28 11:36:13,260: INFO/Beat] Scheduler: Sending due task probe_devices_every_30s (tasks.probe_devices)
[2026-04-28 11:36:13,271: INFO/MainProcess] Task tasks.probe_devices[acddf0a1-dc87-405b-8d0e-4def656b37e5] received
[2026-04-28 11:36:13,298: INFO/ForkPoolWorker-2] Task tasks.probe_devices[acddf0a1-dc87-405b-8d0e-4def656b37e5] succeeded in 0.026093917000252986s: {'total': 1, 'ok': 1, 'fail': 0, 'turned_offline': [], 'recovered': []}
[2026-04-28 11:36:43,260: INFO/Beat] Scheduler: Sending due task probe_devices_every_30s (tasks.probe_devices)
[2026-04-28 11:36:43,268: INFO/MainProcess] Task tasks.probe_devices[4cb552df-8b63-4331-a791-f816bbd1ffdc] received
[2026-04-28 11:36:43,292: INFO/ForkPoolWorker-2] Task tasks.probe_devices[4cb552df-8b63-4331-a791-f816bbd1ffdc] succeeded in 0.02315795899994555s: {'total': 1, 'ok': 1, 'fail': 0, 'turned_offline': [], 'recovered': []}
[2026-04-28 11:37:13,260: INFO/Beat] Scheduler: Sending due task probe_devices_every_30s (tasks.probe_devices)
[2026-04-28 11:37:13,268: INFO/MainProcess] Task tasks.probe_devices[69fc2893-5095-413b-9120-301779cefcb0] received
[2026-04-28 11:37:13,292: INFO/ForkPoolWorker-2] Task tasks.probe_devices[69fc2893-5095-413b-9120-301779cefcb0] succeeded in 0.023146708000240324s: {'total': 1, 'ok': 1, 'fail': 0, 'turned_offline': [], 'recovered': []}
[2026-04-28 11:37:43,260: INFO/Beat] Scheduler: Sending due task probe_devices_every_30s (tasks.probe_devices)
[2026-04-28 11:37:43,265: INFO/MainProcess] Task tasks.probe_devices[0e5369e5-f499-446c-b9be-8003093c76c7] received
[2026-04-28 11:37:43,289: INFO/ForkPoolWorker-2] Task tasks.probe_devices[0e5369e5-f499-446c-b9be-8003093c76c7] succeeded in 0.02294491700013168s: {'total': 1, 'ok': 1, 'fail': 0, 'turned_offline': [], 'recovered': []}
[2026-04-28 11:38:13,260: INFO/Beat] Scheduler: Sending due task probe_devices_every_30s (tasks.probe_devices)
[2026-04-28 11:38:13,267: INFO/MainProcess] Task tasks.probe_devices[a06d014c-10ff-4ee7-8203-d93d74cfa040] received
[2026-04-28 11:38:13,292: INFO/ForkPoolWorker-2] Task tasks.probe_devices[a06d014c-10ff-4ee7-8203-d93d74cfa040] succeeded in 0.024354166999728477s: {'total': 1, 'ok': 1, 'fail': 0, 'turned_offline': [], 'recovered': []}
[2026-04-28 11:38:43,343: INFO/Beat] Scheduler: Sending due task probe_devices_every_30s (tasks.probe_devices)
[2026-04-28 11:38:43,352: INFO/MainProcess] Task tasks.probe_devices[dc9e67a2-74ea-4350-a730-7c353c460493] received
[2026-04-28 11:38:43,376: INFO/ForkPoolWorker-2] Task tasks.probe_devices[dc9e67a2-74ea-4350-a730-7c353c460493] succeeded in 0.024190542000724236s: {'total': 1, 'ok': 1, 'fail': 0, 'turned_offline': [], 'recovered': []}
[2026-04-28 11:39:16,202: INFO/Beat] Scheduler: Sending due task probe_devices_every_30s (tasks.probe_devices)
[2026-04-28 11:39:16,210: INFO/MainProcess] Task tasks.probe_devices[c706683b-6f91-45a2-84c6-c623b8bb1b0e] received
[2026-04-28 11:39:16,235: INFO/ForkPoolWorker-2] Task tasks.probe_devices[c706683b-6f91-45a2-84c6-c623b8bb1b0e] succeeded in 0.023863625000558386s: {'total': 1, 'ok': 1, 'fail': 0, 'turned_offline': [], 'recovered': []}
[2026-04-28 11:39:46,202: INFO/Beat] Scheduler: Sending due task probe_devices_every_30s (tasks.probe_devices)
[2026-04-28 11:39:46,209: INFO/MainProcess] Task tasks.probe_devices[a762165b-b78d-4f5a-a0f1-894ee252f364] received
[2026-04-28 11:39:46,234: INFO/ForkPoolWorker-2] Task tasks.probe_devices[a762165b-b78d-4f5a-a0f1-894ee252f364] succeeded in 0.023999707999792008s: {'total': 1, 'ok': 1, 'fail': 0, 'turned_offline': [], 'recovered': []}
[2026-04-28 11:40:20,001: INFO/Beat] Scheduler: Sending due task probe_devices_every_30s (tasks.probe_devices)
[2026-04-28 11:40:20,012: INFO/MainProcess] Task tasks.probe_devices[0b80beb4-6c92-4320-9dd8-f55948fca9ee] received
[2026-04-28 11:40:20,038: INFO/ForkPoolWorker-2] Task tasks.probe_devices[0b80beb4-6c92-4320-9dd8-f55948fca9ee] succeeded in 0.025799375000133296s: {'total': 1, 'ok': 1, 'fail': 0, 'turned_offline': [], 'recovered': []}
[2026-04-28 11:40:52,966: INFO/Beat] Scheduler: Sending due task probe_devices_every_30s (tasks.probe_devices)
[2026-04-28 11:40:52,975: INFO/MainProcess] Task tasks.probe_devices[70c6dffc-8c81-475b-bd1b-7d7276684a69] received
[2026-04-28 11:40:53,001: INFO/ForkPoolWorker-2] Task tasks.probe_devices[70c6dffc-8c81-475b-bd1b-7d7276684a69] succeeded in 0.02478679199975886s: {'total': 1, 'ok': 1, 'fail': 0, 'turned_offline': [], 'recovered': []}
[2026-04-28 11:41:22,966: INFO/Beat] Scheduler: Sending due task probe_devices_every_30s (tasks.probe_devices)
[2026-04-28 11:41:22,973: INFO/MainProcess] Task tasks.probe_devices[6581018d-7ae3-4417-83ed-e8a77628c9f7] received
[2026-04-28 11:41:22,997: INFO/ForkPoolWorker-2] Task tasks.probe_devices[6581018d-7ae3-4417-83ed-e8a77628c9f7] succeeded in 0.02367791700089583s: {'total': 1, 'ok': 1, 'fail': 0, 'turned_offline': [], 'recovered': []}
[2026-04-28 11:41:56,772: INFO/Beat] Scheduler: Sending due task probe_devices_every_30s (tasks.probe_devices)
[2026-04-28 11:41:56,779: INFO/MainProcess] Task tasks.probe_devices[d3619ba5-2cdc-4237-a791-a480f6af8a25] received
[2026-04-28 11:41:56,803: INFO/ForkPoolWorker-2] Task tasks.probe_devices[d3619ba5-2cdc-4237-a791-a480f6af8a25] succeeded in 0.023355999999694177s: {'total': 1, 'ok': 1, 'fail': 0, 'turned_offline': [], 'recovered': []}
[2026-04-28 11:42:30,593: INFO/Beat] Scheduler: Sending due task probe_devices_every_30s (tasks.probe_devices)
[2026-04-28 11:42:30,599: INFO/MainProcess] Task tasks.probe_devices[3a3fb06f-c846-4324-a6d6-e8c1defe342f] received
[2026-04-28 11:42:30,628: INFO/ForkPoolWorker-2] Task tasks.probe_devices[3a3fb06f-c846-4324-a6d6-e8c1defe342f] succeeded in 0.027691042000697053s: {'total': 1, 'ok': 1, 'fail': 0, 'turned_offline': [], 'recovered': []}
[2026-04-28 11:43:00,593: INFO/Beat] Scheduler: Sending due task probe_devices_every_30s (tasks.probe_devices)
[2026-04-28 11:43:00,599: INFO/MainProcess] Task tasks.probe_devices[d48dc87c-0634-4aa1-aa1b-90565b503b08] received
[2026-04-28 11:43:00,627: INFO/ForkPoolWorker-2] Task tasks.probe_devices[d48dc87c-0634-4aa1-aa1b-90565b503b08] succeeded in 0.027551832999961334s: {'total': 1, 'ok': 1, 'fail': 0, 'turned_offline': [], 'recovered': []}
[2026-04-28 11:43:33,364: INFO/Beat] Scheduler: Sending due task probe_devices_every_30s (tasks.probe_devices)
[2026-04-28 11:43:33,372: INFO/MainProcess] Task tasks.probe_devices[8a95d132-1c30-48d8-9776-7c4632a6a8f8] received
[2026-04-28 11:43:33,397: INFO/ForkPoolWorker-2] Task tasks.probe_devices[8a95d132-1c30-48d8-9776-7c4632a6a8f8] succeeded in 0.024272749999909138s: {'total': 1, 'ok': 1, 'fail': 0, 'turned_offline': [], 'recovered': []}
[2026-04-28 11:44:03,364: INFO/Beat] Scheduler: Sending due task probe_devices_every_30s (tasks.probe_devices)
[2026-04-28 11:44:03,371: INFO/MainProcess] Task tasks.probe_devices[a27631fb-4f23-49e4-96ba-dcf7b0eaa242] received
[2026-04-28 11:44:03,396: INFO/ForkPoolWorker-2] Task tasks.probe_devices[a27631fb-4f23-49e4-96ba-dcf7b0eaa242] succeeded in 0.02422149999983958s: {'total': 1, 'ok': 1, 'fail': 0, 'turned_offline': [], 'recovered': []}
[2026-04-28 11:44:37,202: INFO/Beat] Scheduler: Sending due task probe_devices_every_30s (tasks.probe_devices)
[2026-04-28 11:44:37,211: INFO/MainProcess] Task tasks.probe_devices[386be112-5dc6-4cb4-855c-92c85b9dad8f] received
[2026-04-28 11:44:37,235: INFO/ForkPoolWorker-2] Task tasks.probe_devices[386be112-5dc6-4cb4-855c-92c85b9dad8f] succeeded in 0.023938292000821093s: {'total': 1, 'ok': 1, 'fail': 0, 'turned_offline': [], 'recovered': []}
[2026-04-28 11:45:10,022: INFO/Beat] Scheduler: Sending due task probe_devices_every_30s (tasks.probe_devices)
[2026-04-28 11:45:10,029: INFO/MainProcess] Task tasks.probe_devices[a6b9d8f1-a8aa-48cd-b279-23e4465abba4] received
[2026-04-28 11:45:10,052: INFO/ForkPoolWorker-2] Task tasks.probe_devices[a6b9d8f1-a8aa-48cd-b279-23e4465abba4] succeeded in 0.02278970799943636s: {'total': 1, 'ok': 1, 'fail': 0, 'turned_offline': [], 'recovered': []}
[2026-04-28 11:45:40,022: INFO/Beat] Scheduler: Sending due task probe_devices_every_30s (tasks.probe_devices)
[2026-04-28 11:45:40,030: INFO/MainProcess] Task tasks.probe_devices[36949441-6ce3-42cf-82df-cf032aa2e1e6] received
[2026-04-28 11:45:40,054: INFO/ForkPoolWorker-2] Task tasks.probe_devices[36949441-6ce3-42cf-82df-cf032aa2e1e6] succeeded in 0.0235667500001s: {'total': 1, 'ok': 1, 'fail': 0, 'turned_offline': [], 'recovered': []}
[2026-04-28 11:46:12,832: INFO/Beat] Scheduler: Sending due task probe_devices_every_30s (tasks.probe_devices)
[2026-04-28 11:46:12,840: INFO/MainProcess] Task tasks.probe_devices[466449ce-fd77-4ad7-9e84-f55e53a2f73d] received
[2026-04-28 11:46:12,864: INFO/ForkPoolWorker-2] Task tasks.probe_devices[466449ce-fd77-4ad7-9e84-f55e53a2f73d] succeeded in 0.02345316700029798s: {'total': 1, 'ok': 1, 'fail': 0, 'turned_offline': [], 'recovered': []}
[2026-04-28 11:46:46,622: INFO/Beat] Scheduler: Sending due task probe_devices_every_30s (tasks.probe_devices)
[2026-04-28 11:46:46,631: INFO/MainProcess] Task tasks.probe_devices[57e1a19f-8e4b-472d-91f6-e2d7eab76480] received
[2026-04-28 11:46:46,654: INFO/ForkPoolWorker-2] Task tasks.probe_devices[57e1a19f-8e4b-472d-91f6-e2d7eab76480] succeeded in 0.023465833000045677s: {'total': 1, 'ok': 1, 'fail': 0, 'turned_offline': [], 'recovered': []}
[2026-04-28 11:47:16,622: INFO/Beat] Scheduler: Sending due task probe_devices_every_30s (tasks.probe_devices)
[2026-04-28 11:47:16,628: INFO/MainProcess] Task tasks.probe_devices[779d8106-b3b0-4ee4-9022-ef17afb0a2ed] received
[2026-04-28 11:47:16,653: INFO/ForkPoolWorker-2] Task tasks.probe_devices[779d8106-b3b0-4ee4-9022-ef17afb0a2ed] succeeded in 0.02478866699948412s: {'total': 1, 'ok': 1, 'fail': 0, 'turned_offline': [], 'recovered': []}
[2026-04-28 11:47:49,432: INFO/Beat] Scheduler: Sending due task probe_devices_every_30s (tasks.probe_devices)
[2026-04-28 11:47:49,441: INFO/MainProcess] Task tasks.probe_devices[dbb2d054-d55f-4607-b7a0-a0826dfdb75a] received
[2026-04-28 11:47:49,465: INFO/ForkPoolWorker-2] Task tasks.probe_devices[dbb2d054-d55f-4607-b7a0-a0826dfdb75a] succeeded in 0.023281541999494948s: {'total': 1, 'ok': 1, 'fail': 0, 'turned_offline': [], 'recovered': []}
[2026-04-28 11:48:19,432: INFO/Beat] Scheduler: Sending due task probe_devices_every_30s (tasks.probe_devices)
[2026-04-28 11:48:19,456: INFO/MainProcess] Task tasks.probe_devices[983ef7bf-8042-44d1-8d3a-5897542d8652] received
[2026-04-28 11:48:19,484: INFO/ForkPoolWorker-2] Task tasks.probe_devices[983ef7bf-8042-44d1-8d3a-5897542d8652] succeeded in 0.02746483300052205s: {'total': 1, 'ok': 1, 'fail': 0, 'turned_offline': [], 'recovered': []}
[2026-04-28 11:48:52,215: INFO/Beat] Scheduler: Sending due task probe_devices_every_30s (tasks.probe_devices)
[2026-04-28 11:48:52,224: INFO/MainProcess] Task tasks.probe_devices[f8bfe8dd-d4f8-4980-bc0e-7af7a270a308] received
[2026-04-28 11:48:52,248: INFO/ForkPoolWorker-2] Task tasks.probe_devices[f8bfe8dd-d4f8-4980-bc0e-7af7a270a308] succeeded in 0.023297249999814085s: {'total': 1, 'ok': 1, 'fail': 0, 'turned_offline': [], 'recovered': []}
[2026-04-28 11:49:26,149: INFO/Beat] Scheduler: Sending due task probe_devices_every_30s (tasks.probe_devices)
[2026-04-28 11:49:26,159: INFO/MainProcess] Task tasks.probe_devices[75fc0f30-21f0-4442-b763-23f92ceb4a40] received
[2026-04-28 11:49:26,182: INFO/ForkPoolWorker-2] Task tasks.probe_devices[75fc0f30-21f0-4442-b763-23f92ceb4a40] succeeded in 0.022869499999615073s: {'total': 1, 'ok': 1, 'fail': 0, 'turned_offline': [], 'recovered': []}
[2026-04-28 11:49:56,149: INFO/Beat] Scheduler: Sending due task probe_devices_every_30s (tasks.probe_devices)
[2026-04-28 11:49:56,156: INFO/MainProcess] Task tasks.probe_devices[49a2f121-29d3-42e0-afef-b63ccfd23891] received
[2026-04-28 11:49:56,181: INFO/ForkPoolWorker-2] Task tasks.probe_devices[49a2f121-29d3-42e0-afef-b63ccfd23891] succeeded in 0.023964957999851322s: {'total': 1, 'ok': 1, 'fail': 0, 'turned_offline': [], 'recovered': []}
[2026-04-28 11:50:29,219: INFO/Beat] Scheduler: Sending due task probe_devices_every_30s (tasks.probe_devices)
[2026-04-28 11:50:29,227: INFO/MainProcess] Task tasks.probe_devices[01d9f2dc-ca0c-4f0c-b71c-188635a43104] received
[2026-04-28 11:50:29,251: INFO/ForkPoolWorker-2] Task tasks.probe_devices[01d9f2dc-ca0c-4f0c-b71c-188635a43104] succeeded in 0.02357354200012196s: {'total': 1, 'ok': 1, 'fail': 0, 'turned_offline': [], 'recovered': []}
[2026-04-28 11:51:02,031: INFO/Beat] Scheduler: Sending due task probe_devices_every_30s (tasks.probe_devices)
[2026-04-28 11:51:02,037: INFO/MainProcess] Task tasks.probe_devices[bf766632-56a7-4ab2-ad66-1f2188fbe0a9] received
[2026-04-28 11:51:02,062: INFO/ForkPoolWorker-2] Task tasks.probe_devices[bf766632-56a7-4ab2-ad66-1f2188fbe0a9] succeeded in 0.0248751250001078s: {'total': 1, 'ok': 1, 'fail': 0, 'turned_offline': [], 'recovered': []}
[2026-04-28 11:51:32,031: INFO/Beat] Scheduler: Sending due task probe_devices_every_30s (tasks.probe_devices)
[2026-04-28 11:51:32,039: INFO/MainProcess] Task tasks.probe_devices[082a739e-447a-45e9-946a-c988abcef4e2] received
[2026-04-28 11:51:32,065: INFO/ForkPoolWorker-2] Task tasks.probe_devices[082a739e-447a-45e9-946a-c988abcef4e2] succeeded in 0.02601112499996816s: {'total': 1, 'ok': 1, 'fail': 0, 'turned_offline': [], 'recovered': []}
[2026-04-28 11:52:04,922: INFO/Beat] Scheduler: Sending due task probe_devices_every_30s (tasks.probe_devices)
[2026-04-28 11:52:04,929: INFO/MainProcess] Task tasks.probe_devices[e777b56a-3b84-4677-b87e-f4e642ae37d9] received
[2026-04-28 11:52:04,952: INFO/ForkPoolWorker-2] Task tasks.probe_devices[e777b56a-3b84-4677-b87e-f4e642ae37d9] succeeded in 0.02307908300008421s: {'total': 1, 'ok': 1, 'fail': 0, 'turned_offline': [], 'recovered': []}
[2026-04-28 11:52:38,750: INFO/Beat] Scheduler: Sending due task probe_devices_every_30s (tasks.probe_devices)
[2026-04-28 11:52:38,756: INFO/MainProcess] Task tasks.probe_devices[df43cb56-e766-42ff-815d-05e6c1a786b8] received
[2026-04-28 11:52:38,782: INFO/ForkPoolWorker-2] Task tasks.probe_devices[df43cb56-e766-42ff-815d-05e6c1a786b8] succeeded in 0.025193457999193924s: {'total': 1, 'ok': 1, 'fail': 0, 'turned_offline': [], 'recovered': []}
[2026-04-28 11:53:08,750: INFO/Beat] Scheduler: Sending due task probe_devices_every_30s (tasks.probe_devices)
[2026-04-28 11:53:08,756: INFO/MainProcess] Task tasks.probe_devices[421e30f7-d3dd-41ff-8e1b-cae42df6f683] received
[2026-04-28 11:53:08,782: INFO/ForkPoolWorker-2] Task tasks.probe_devices[421e30f7-d3dd-41ff-8e1b-cae42df6f683] succeeded in 0.0252887919996283s: {'total': 1, 'ok': 1, 'fail': 0, 'turned_offline': [], 'recovered': []}
[2026-04-28 11:53:41,733: INFO/Beat] Scheduler: Sending due task probe_devices_every_30s (tasks.probe_devices)
[2026-04-28 11:53:41,743: INFO/MainProcess] Task tasks.probe_devices[252118f7-8c5d-402d-9779-ba7f9de533df] received
[2026-04-28 11:53:41,766: INFO/ForkPoolWorker-2] Task tasks.probe_devices[252118f7-8c5d-402d-9779-ba7f9de533df] succeeded in 0.022769458000766463s: {'total': 1, 'ok': 1, 'fail': 0, 'turned_offline': [], 'recovered': []}
[2026-04-28 11:54:11,733: INFO/Beat] Scheduler: Sending due task probe_devices_every_30s (tasks.probe_devices)
[2026-04-28 11:54:11,741: INFO/MainProcess] Task tasks.probe_devices[62798538-6cc0-4fe6-ac3e-45022df2bbd7] received
[2026-04-28 11:54:11,766: INFO/ForkPoolWorker-2] Task tasks.probe_devices[62798538-6cc0-4fe6-ac3e-45022df2bbd7] succeeded in 0.023977082999408594s: {'total': 1, 'ok': 1, 'fail': 0, 'turned_offline': [], 'recovered': []}
[2026-04-28 11:55:46,502: INFO/Beat] Scheduler: Sending due task probe_devices_every_30s (tasks.probe_devices)
[2026-04-28 11:55:46,510: INFO/MainProcess] Task tasks.probe_devices[136b75df-9573-4315-9102-46876f94ee7a] received
[2026-04-28 11:55:46,534: INFO/ForkPoolWorker-2] Task tasks.probe_devices[136b75df-9573-4315-9102-46876f94ee7a] succeeded in 0.022991582999566162s: {'total': 1, 'ok': 1, 'fail': 0, 'turned_offline': [], 'recovered': []}
[2026-04-28 11:56:16,502: INFO/Beat] Scheduler: Sending due task probe_devices_every_30s (tasks.probe_devices)
[2026-04-28 11:56:16,512: INFO/MainProcess] Task tasks.probe_devices[0c3d7a73-2ac9-4d7f-a59f-0aa268a3fec5] received
[2026-04-28 11:56:16,536: INFO/ForkPoolWorker-2] Task tasks.probe_devices[0c3d7a73-2ac9-4d7f-a59f-0aa268a3fec5] succeeded in 0.023515667000538087s: {'total': 1, 'ok': 1, 'fail': 0, 'turned_offline': [], 'recovered': []}
[2026-04-28 11:56:48,917: INFO/Beat] Scheduler: Sending due task probe_devices_every_30s (tasks.probe_devices)
[2026-04-28 11:56:48,927: INFO/MainProcess] Task tasks.probe_devices[5bb33b00-d8ef-497a-8af9-4eabef484fcb] received
[2026-04-28 11:56:48,951: INFO/ForkPoolWorker-2] Task tasks.probe_devices[5bb33b00-d8ef-497a-8af9-4eabef484fcb] succeeded in 0.02419075000034354s: {'total': 1, 'ok': 1, 'fail': 0, 'turned_offline': [], 'recovered': []}
[2026-04-28 11:57:18,917: INFO/Beat] Scheduler: Sending due task probe_devices_every_30s (tasks.probe_devices)
[2026-04-28 11:57:18,926: INFO/MainProcess] Task tasks.probe_devices[0e155c29-cf9b-4365-8ed5-24d57b5a3bbb] received
[2026-04-28 11:57:18,951: INFO/ForkPoolWorker-2] Task tasks.probe_devices[0e155c29-cf9b-4365-8ed5-24d57b5a3bbb] succeeded in 0.024135957999533275s: {'total': 1, 'ok': 1, 'fail': 0, 'turned_offline': [], 'recovered': []}
[2026-04-28 11:57:50,125: INFO/Beat] Scheduler: Sending due task probe_devices_every_30s (tasks.probe_devices)
[2026-04-28 11:57:50,131: INFO/MainProcess] Task tasks.probe_devices[5b587266-70c8-45ef-bca5-a95d6c7178b8] received
[2026-04-28 11:57:50,155: INFO/ForkPoolWorker-2] Task tasks.probe_devices[5b587266-70c8-45ef-bca5-a95d6c7178b8] succeeded in 0.023416209000060917s: {'total': 1, 'ok': 1, 'fail': 0, 'turned_offline': [], 'recovered': []}
[2026-04-28 11:58:20,125: INFO/Beat] Scheduler: Sending due task probe_devices_every_30s (tasks.probe_devices)
[2026-04-28 11:58:20,132: INFO/MainProcess] Task tasks.probe_devices[0ef4bfdb-d950-4411-a289-430e84e4dca0] received
[2026-04-28 11:58:20,157: INFO/ForkPoolWorker-2] Task tasks.probe_devices[0ef4bfdb-d950-4411-a289-430e84e4dca0] succeeded in 0.02499520899982599s: {'total': 1, 'ok': 1, 'fail': 0, 'turned_offline': [], 'recovered': []}
[2026-04-28 11:58:50,125: INFO/Beat] Scheduler: Sending due task probe_devices_every_30s (tasks.probe_devices)
[2026-04-28 11:58:50,132: INFO/MainProcess] Task tasks.probe_devices[dc42044a-9d15-40cc-bc3c-06b246107cc6] received
[2026-04-28 11:58:50,156: INFO/ForkPoolWorker-2] Task tasks.probe_devices[dc42044a-9d15-40cc-bc3c-06b246107cc6] succeeded in 0.023250375000316126s: {'total': 1, 'ok': 1, 'fail': 0, 'turned_offline': [], 'recovered': []}
[2026-04-28 11:59:20,944: INFO/Beat] Scheduler: Sending due task probe_devices_every_30s (tasks.probe_devices)
[2026-04-28 11:59:20,952: INFO/MainProcess] Task tasks.probe_devices[ab8651cd-6f98-4edb-8c40-1c5f3d65e86a] received
[2026-04-28 11:59:20,978: INFO/ForkPoolWorker-2] Task tasks.probe_devices[ab8651cd-6f98-4edb-8c40-1c5f3d65e86a] succeeded in 0.025318082999547187s: {'total': 1, 'ok': 1, 'fail': 0, 'turned_offline': [], 'recovered': []}
[2026-04-28 11:59:50,944: INFO/Beat] Scheduler: Sending due task probe_devices_every_30s (tasks.probe_devices)
[2026-04-28 11:59:50,951: INFO/MainProcess] Task tasks.probe_devices[ef9dbca8-ab7c-4c57-921b-b1ae805b6b4b] received
[2026-04-28 11:59:50,977: INFO/ForkPoolWorker-2] Task tasks.probe_devices[ef9dbca8-ab7c-4c57-921b-b1ae805b6b4b] succeeded in 0.0257465830000001s: {'total': 1, 'ok': 1, 'fail': 0, 'turned_offline': [], 'recovered': []}
[2026-04-28 12:00:20,944: INFO/Beat] Scheduler: Sending due task probe_devices_every_30s (tasks.probe_devices)
[2026-04-28 12:00:20,950: INFO/MainProcess] Task tasks.probe_devices[5eafaf7f-d1fb-4523-87f1-a4471bc9ea57] received
[2026-04-28 12:00:20,977: INFO/ForkPoolWorker-2] Task tasks.probe_devices[5eafaf7f-d1fb-4523-87f1-a4471bc9ea57] succeeded in 0.026632458000676706s: {'total': 1, 'ok': 1, 'fail': 0, 'turned_offline': [], 'recovered': []}
[2026-04-28 12:00:50,944: INFO/Beat] Scheduler: Sending due task probe_devices_every_30s (tasks.probe_devices)
[2026-04-28 12:00:50,950: INFO/MainProcess] Task tasks.probe_devices[30684d74-4f75-411d-b144-e46b0019a35a] received
[2026-04-28 12:00:50,976: INFO/ForkPoolWorker-2] Task tasks.probe_devices[30684d74-4f75-411d-b144-e46b0019a35a] succeeded in 0.025226624999959313s: {'total': 1, 'ok': 1, 'fail': 0, 'turned_offline': [], 'recovered': []}
[2026-04-28 12:01:20,944: INFO/Beat] Scheduler: Sending due task probe_devices_every_30s (tasks.probe_devices)
[2026-04-28 12:01:20,951: INFO/MainProcess] Task tasks.probe_devices[f543b84e-e0cb-4a14-b809-ac8d0cd8c721] received
[2026-04-28 12:01:20,980: INFO/ForkPoolWorker-2] Task tasks.probe_devices[f543b84e-e0cb-4a14-b809-ac8d0cd8c721] succeeded in 0.02886154199950397s: {'total': 1, 'ok': 1, 'fail': 0, 'turned_offline': [], 'recovered': []}
[2026-04-28 12:01:50,944: INFO/Beat] Scheduler: Sending due task probe_devices_every_30s (tasks.probe_devices)
[2026-04-28 12:01:50,951: INFO/MainProcess] Task tasks.probe_devices[25fe6b1b-82a3-4b23-b6c9-b6a4ef4b4950] received
[2026-04-28 12:01:50,977: INFO/ForkPoolWorker-2] Task tasks.probe_devices[25fe6b1b-82a3-4b23-b6c9-b6a4ef4b4950] succeeded in 0.024884792000193556s: {'total': 1, 'ok': 1, 'fail': 0, 'turned_offline': [], 'recovered': []}
[2026-04-28 12:02:20,944: INFO/Beat] Scheduler: Sending due task probe_devices_every_30s (tasks.probe_devices)
[2026-04-28 12:02:20,952: INFO/MainProcess] Task tasks.probe_devices[32b8cd1c-44b8-44b6-aa4c-63df02c66da6] received
[2026-04-28 12:02:20,977: INFO/ForkPoolWorker-2] Task tasks.probe_devices[32b8cd1c-44b8-44b6-aa4c-63df02c66da6] succeeded in 0.025021749999723397s: {'total': 1, 'ok': 1, 'fail': 0, 'turned_offline': [], 'recovered': []}
[2026-04-28 12:02:50,944: INFO/Beat] Scheduler: Sending due task probe_devices_every_30s (tasks.probe_devices)
[2026-04-28 12:02:50,951: INFO/MainProcess] Task tasks.probe_devices[ae1af573-30ce-4705-ae4b-54fbaf175a94] received
[2026-04-28 12:02:50,976: INFO/ForkPoolWorker-2] Task tasks.probe_devices[ae1af573-30ce-4705-ae4b-54fbaf175a94] succeeded in 0.025264375000006112s: {'total': 1, 'ok': 1, 'fail': 0, 'turned_offline': [], 'recovered': []}
[2026-04-28 12:03:20,944: INFO/Beat] Scheduler: Sending due task probe_devices_every_30s (tasks.probe_devices)
[2026-04-28 12:03:20,950: INFO/MainProcess] Task tasks.probe_devices[2e82606d-ef21-426b-bbc9-fd1efaa04709] received
[2026-04-28 12:03:20,977: INFO/ForkPoolWorker-2] Task tasks.probe_devices[2e82606d-ef21-426b-bbc9-fd1efaa04709] succeeded in 0.026408208000248123s: {'total': 1, 'ok': 1, 'fail': 0, 'turned_offline': [], 'recovered': []}
[2026-04-28 12:03:50,944: INFO/Beat] Scheduler: Sending due task probe_devices_every_30s (tasks.probe_devices)
[2026-04-28 12:03:50,948: INFO/MainProcess] Task tasks.probe_devices[6384f138-544c-488a-8b74-6334a093d87c] received
[2026-04-28 12:03:50,974: INFO/ForkPoolWorker-2] Task tasks.probe_devices[6384f138-544c-488a-8b74-6334a093d87c] succeeded in 0.02559220799957984s: {'total': 1, 'ok': 1, 'fail': 0, 'turned_offline': [], 'recovered': []}
[2026-04-28 12:04:20,944: INFO/Beat] Scheduler: Sending due task probe_devices_every_30s (tasks.probe_devices)
[2026-04-28 12:04:20,951: INFO/MainProcess] Task tasks.probe_devices[9daba754-298a-429b-ac92-36e352272af9] received
[2026-04-28 12:04:20,977: INFO/ForkPoolWorker-2] Task tasks.probe_devices[9daba754-298a-429b-ac92-36e352272af9] succeeded in 0.026299334000214003s: {'total': 1, 'ok': 1, 'fail': 0, 'turned_offline': [], 'recovered': []}
[2026-04-28 12:04:50,944: INFO/Beat] Scheduler: Sending due task probe_devices_every_30s (tasks.probe_devices)
[2026-04-28 12:04:50,952: INFO/MainProcess] Task tasks.probe_devices[183f1968-12d3-4a9f-9fee-388b79b34902] received
[2026-04-28 12:04:50,978: INFO/ForkPoolWorker-2] Task tasks.probe_devices[183f1968-12d3-4a9f-9fee-388b79b34902] succeeded in 0.02576508299989655s: {'total': 1, 'ok': 1, 'fail': 0, 'turned_offline': [], 'recovered': []}
[2026-04-28 12:05:20,944: INFO/Beat] Scheduler: Sending due task probe_devices_every_30s (tasks.probe_devices)
[2026-04-28 12:05:20,952: INFO/MainProcess] Task tasks.probe_devices[bdb3f00d-8258-4960-9c51-5f9a191157e2] received
[2026-04-28 12:05:20,978: INFO/ForkPoolWorker-2] Task tasks.probe_devices[bdb3f00d-8258-4960-9c51-5f9a191157e2] succeeded in 0.02522420900004363s: {'total': 1, 'ok': 1, 'fail': 0, 'turned_offline': [], 'recovered': []}
[2026-04-28 12:05:50,944: INFO/Beat] Scheduler: Sending due task probe_devices_every_30s (tasks.probe_devices)
[2026-04-28 12:05:50,953: INFO/MainProcess] Task tasks.probe_devices[34aaeff4-ae00-4e6d-8ff8-991596ac1a4e] received
[2026-04-28 12:05:50,978: INFO/ForkPoolWorker-2] Task tasks.probe_devices[34aaeff4-ae00-4e6d-8ff8-991596ac1a4e] succeeded in 0.02481625000018539s: {'total': 1, 'ok': 1, 'fail': 0, 'turned_offline': [], 'recovered': []}
[2026-04-28 12:06:20,944: INFO/Beat] Scheduler: Sending due task probe_devices_every_30s (tasks.probe_devices)
[2026-04-28 12:06:20,952: INFO/MainProcess] Task tasks.probe_devices[26f73de1-88b2-40aa-9cd9-1d25cc76f2a0] received
[2026-04-28 12:06:20,977: INFO/ForkPoolWorker-2] Task tasks.probe_devices[26f73de1-88b2-40aa-9cd9-1d25cc76f2a0] succeeded in 0.024471249999805877s: {'total': 1, 'ok': 1, 'fail': 0, 'turned_offline': [], 'recovered': []}
[2026-04-28 12:06:50,944: INFO/Beat] Scheduler: Sending due task probe_devices_every_30s (tasks.probe_devices)
[2026-04-28 12:06:50,951: INFO/MainProcess] Task tasks.probe_devices[bd9b0f94-b9c9-4077-ab25-43a6963e1fa7] received
[2026-04-28 12:06:50,976: INFO/ForkPoolWorker-2] Task tasks.probe_devices[bd9b0f94-b9c9-4077-ab25-43a6963e1fa7] succeeded in 0.02452237499983312s: {'total': 1, 'ok': 1, 'fail': 0, 'turned_offline': [], 'recovered': []}
[2026-04-28 12:07:20,944: INFO/Beat] Scheduler: Sending due task probe_devices_every_30s (tasks.probe_devices)
[2026-04-28 12:07:20,950: INFO/MainProcess] Task tasks.probe_devices[f9d22da6-f0a2-47ee-94db-f1a360129da2] received
[2026-04-28 12:07:20,978: INFO/ForkPoolWorker-2] Task tasks.probe_devices[f9d22da6-f0a2-47ee-94db-f1a360129da2] succeeded in 0.027311958000609593s: {'total': 1, 'ok': 1, 'fail': 0, 'turned_offline': [], 'recovered': []}
[2026-04-28 12:07:50,944: INFO/Beat] Scheduler: Sending due task probe_devices_every_30s (tasks.probe_devices)
[2026-04-28 12:07:50,953: INFO/MainProcess] Task tasks.probe_devices[3fafc7ca-212b-48a4-af28-f7181885af46] received
[2026-04-28 12:07:50,982: INFO/ForkPoolWorker-2] Task tasks.probe_devices[3fafc7ca-212b-48a4-af28-f7181885af46] succeeded in 0.02836679199936043s: {'total': 1, 'ok': 1, 'fail': 0, 'turned_offline': [], 'recovered': []}
[2026-04-28 12:08:20,944: INFO/Beat] Scheduler: Sending due task probe_devices_every_30s (tasks.probe_devices)
[2026-04-28 12:08:20,952: INFO/MainProcess] Task tasks.probe_devices[0788f66c-24ff-4489-a4dd-9d0ae9c4c863] received
[2026-04-28 12:08:20,977: INFO/ForkPoolWorker-2] Task tasks.probe_devices[0788f66c-24ff-4489-a4dd-9d0ae9c4c863] succeeded in 0.024376999999731197s: {'total': 1, 'ok': 1, 'fail': 0, 'turned_offline': [], 'recovered': []}
[2026-04-28 12:08:50,944: INFO/Beat] Scheduler: Sending due task probe_devices_every_30s (tasks.probe_devices)
[2026-04-28 12:08:50,952: INFO/MainProcess] Task tasks.probe_devices[27b40fec-b8f1-40c1-badc-de6be9047e4f] received
[2026-04-28 12:08:50,977: INFO/ForkPoolWorker-2] Task tasks.probe_devices[27b40fec-b8f1-40c1-badc-de6be9047e4f] succeeded in 0.02459370900032809s: {'total': 1, 'ok': 1, 'fail': 0, 'turned_offline': [], 'recovered': []}
[2026-04-28 12:09:20,944: INFO/Beat] Scheduler: Sending due task probe_devices_every_30s (tasks.probe_devices)
[2026-04-28 12:09:20,952: INFO/MainProcess] Task tasks.probe_devices[83d371b9-444c-43d3-b5cb-7bf96e8bb4bd] received
[2026-04-28 12:09:20,978: INFO/ForkPoolWorker-2] Task tasks.probe_devices[83d371b9-444c-43d3-b5cb-7bf96e8bb4bd] succeeded in 0.025720499999806634s: {'total': 1, 'ok': 1, 'fail': 0, 'turned_offline': [], 'recovered': []}
[2026-04-28 12:09:50,944: INFO/Beat] Scheduler: Sending due task probe_devices_every_30s (tasks.probe_devices)
[2026-04-28 12:09:50,951: INFO/MainProcess] Task tasks.probe_devices[75e73689-1cfa-431c-945e-ab40371c453c] received
[2026-04-28 12:09:50,977: INFO/ForkPoolWorker-2] Task tasks.probe_devices[75e73689-1cfa-431c-945e-ab40371c453c] succeeded in 0.0256294999999227s: {'total': 1, 'ok': 1, 'fail': 0, 'turned_offline': [], 'recovered': []}
[2026-04-28 12:10:20,944: INFO/Beat] Scheduler: Sending due task probe_devices_every_30s (tasks.probe_devices)
[2026-04-28 12:10:20,952: INFO/MainProcess] Task tasks.probe_devices[880a9486-f6df-4f5a-985f-1cc81e187122] received
[2026-04-28 12:10:20,978: INFO/ForkPoolWorker-2] Task tasks.probe_devices[880a9486-f6df-4f5a-985f-1cc81e187122] succeeded in 0.025088875000619737s: {'total': 1, 'ok': 1, 'fail': 0, 'turned_offline': [], 'recovered': []}
[2026-04-28 12:10:50,944: INFO/Beat] Scheduler: Sending due task probe_devices_every_30s (tasks.probe_devices)
[2026-04-28 12:10:50,952: INFO/MainProcess] Task tasks.probe_devices[7c9e52f7-566b-4027-8401-82ea0041a699] received
[2026-04-28 12:10:50,978: INFO/ForkPoolWorker-2] Task tasks.probe_devices[7c9e52f7-566b-4027-8401-82ea0041a699] succeeded in 0.024638457999571983s: {'total': 1, 'ok': 1, 'fail': 0, 'turned_offline': [], 'recovered': []}
[2026-04-28 12:11:20,944: INFO/Beat] Scheduler: Sending due task probe_devices_every_30s (tasks.probe_devices)
[2026-04-28 12:11:20,953: INFO/MainProcess] Task tasks.probe_devices[8257cdde-0abf-4f9a-bc88-77f7f0c84db8] received
[2026-04-28 12:11:20,982: INFO/ForkPoolWorker-2] Task tasks.probe_devices[8257cdde-0abf-4f9a-bc88-77f7f0c84db8] succeeded in 0.027438083000561164s: {'total': 1, 'ok': 1, 'fail': 0, 'turned_offline': [], 'recovered': []}
[2026-04-28 12:11:50,944: INFO/Beat] Scheduler: Sending due task probe_devices_every_30s (tasks.probe_devices)
[2026-04-28 12:11:50,951: INFO/MainProcess] Task tasks.probe_devices[d6db93cd-1073-479f-a4ae-03a2da0bc84c] received
[2026-04-28 12:11:50,981: INFO/ForkPoolWorker-2] Task tasks.probe_devices[d6db93cd-1073-479f-a4ae-03a2da0bc84c] succeeded in 0.029103291000865283s: {'total': 1, 'ok': 1, 'fail': 0, 'turned_offline': [], 'recovered': []}
[2026-04-28 12:12:20,944: INFO/Beat] Scheduler: Sending due task probe_devices_every_30s (tasks.probe_devices)
[2026-04-28 12:12:20,952: INFO/MainProcess] Task tasks.probe_devices[d8fba0f0-049a-48a4-8750-d70cfeb29d40] received
[2026-04-28 12:12:20,980: INFO/ForkPoolWorker-2] Task tasks.probe_devices[d8fba0f0-049a-48a4-8750-d70cfeb29d40] succeeded in 0.02697966699997778s: {'total': 1, 'ok': 1, 'fail': 0, 'turned_offline': [], 'recovered': []}
[2026-04-28 12:12:50,944: INFO/Beat] Scheduler: Sending due task probe_devices_every_30s (tasks.probe_devices)
[2026-04-28 12:12:50,951: INFO/MainProcess] Task tasks.probe_devices[2ed5fcca-e1af-4fec-b623-f1b1f62fc5e3] received
[2026-04-28 12:12:50,981: INFO/ForkPoolWorker-2] Task tasks.probe_devices[2ed5fcca-e1af-4fec-b623-f1b1f62fc5e3] succeeded in 0.029728542000157177s: {'total': 1, 'ok': 1, 'fail': 0, 'turned_offline': [], 'recovered': []}
[2026-04-28 12:13:20,944: INFO/Beat] Scheduler: Sending due task probe_devices_every_30s (tasks.probe_devices)
[2026-04-28 12:13:20,952: INFO/MainProcess] Task tasks.probe_devices[d29538c5-a1c6-4d9e-b01d-46512bca1558] received
[2026-04-28 12:13:20,980: INFO/ForkPoolWorker-2] Task tasks.probe_devices[d29538c5-a1c6-4d9e-b01d-46512bca1558] succeeded in 0.02712891600003786s: {'total': 1, 'ok': 1, 'fail': 0, 'turned_offline': [], 'recovered': []}
[2026-04-28 12:13:50,944: INFO/Beat] Scheduler: Sending due task probe_devices_every_30s (tasks.probe_devices)
[2026-04-28 12:13:50,952: INFO/MainProcess] Task tasks.probe_devices[0817ce2e-900c-4f60-9584-946516248c3c] received
[2026-04-28 12:13:50,980: INFO/ForkPoolWorker-2] Task tasks.probe_devices[0817ce2e-900c-4f60-9584-946516248c3c] succeeded in 0.02767275000041991s: {'total': 1, 'ok': 1, 'fail': 0, 'turned_offline': [], 'recovered': []}
[2026-04-28 12:14:20,944: INFO/Beat] Scheduler: Sending due task probe_devices_every_30s (tasks.probe_devices)
[2026-04-28 12:14:20,953: INFO/MainProcess] Task tasks.probe_devices[f0a06ab4-ea0f-4864-aeb2-ac8d5fd6fbce] received
[2026-04-28 12:14:20,981: INFO/ForkPoolWorker-2] Task tasks.probe_devices[f0a06ab4-ea0f-4864-aeb2-ac8d5fd6fbce] succeeded in 0.027094916999885754s: {'total': 1, 'ok': 1, 'fail': 0, 'turned_offline': [], 'recovered': []}
[2026-04-28 12:14:50,944: INFO/Beat] Scheduler: Sending due task probe_devices_every_30s (tasks.probe_devices)
[2026-04-28 12:14:50,952: INFO/MainProcess] Task tasks.probe_devices[29c8be21-40a6-414b-88cb-faa8db081e21] received
[2026-04-28 12:14:50,981: INFO/ForkPoolWorker-2] Task tasks.probe_devices[29c8be21-40a6-414b-88cb-faa8db081e21] succeeded in 0.028153750000456057s: {'total': 1, 'ok': 1, 'fail': 0, 'turned_offline': [], 'recovered': []}
[2026-04-28 12:15:20,944: INFO/Beat] Scheduler: Sending due task probe_devices_every_30s (tasks.probe_devices)
[2026-04-28 12:15:20,953: INFO/MainProcess] Task tasks.probe_devices[837fe651-73d3-4405-a97d-3e7a81dd216f] received
[2026-04-28 12:15:20,981: INFO/ForkPoolWorker-2] Task tasks.probe_devices[837fe651-73d3-4405-a97d-3e7a81dd216f] succeeded in 0.027453540999886172s: {'total': 1, 'ok': 1, 'fail': 0, 'turned_offline': [], 'recovered': []}
[2026-04-28 12:15:50,947: INFO/Beat] Scheduler: Sending due task probe_devices_every_30s (tasks.probe_devices)
[2026-04-28 12:15:50,954: INFO/MainProcess] Task tasks.probe_devices[7744b689-4b45-4072-8db6-87901f38d544] received
[2026-04-28 12:15:50,984: INFO/ForkPoolWorker-2] Task tasks.probe_devices[7744b689-4b45-4072-8db6-87901f38d544] succeeded in 0.0279854170003091s: {'total': 1, 'ok': 1, 'fail': 0, 'turned_offline': [], 'recovered': []}
[2026-04-28 12:16:20,947: INFO/Beat] Scheduler: Sending due task probe_devices_every_30s (tasks.probe_devices)
[2026-04-28 12:16:20,953: INFO/MainProcess] Task tasks.probe_devices[67fa3b32-6075-42ac-a784-666a5e7d51a7] received
[2026-04-28 12:16:20,983: INFO/ForkPoolWorker-2] Task tasks.probe_devices[67fa3b32-6075-42ac-a784-666a5e7d51a7] succeeded in 0.02862779200040677s: {'total': 1, 'ok': 1, 'fail': 0, 'turned_offline': [], 'recovered': []}
[2026-04-28 12:16:50,947: INFO/Beat] Scheduler: Sending due task probe_devices_every_30s (tasks.probe_devices)
[2026-04-28 12:16:50,956: INFO/MainProcess] Task tasks.probe_devices[c1cce83d-6d5f-4e36-8f15-fd4ba634420f] received
[2026-04-28 12:16:50,980: INFO/ForkPoolWorker-2] Task tasks.probe_devices[c1cce83d-6d5f-4e36-8f15-fd4ba634420f] succeeded in 0.023867334000897245s: {'total': 1, 'ok': 1, 'fail': 0, 'turned_offline': [], 'recovered': []}
[2026-04-28 12:17:20,947: INFO/Beat] Scheduler: Sending due task probe_devices_every_30s (tasks.probe_devices)
[2026-04-28 12:17:20,954: INFO/MainProcess] Task tasks.probe_devices[14e09bac-df9f-4161-b1b6-c3bbea30bb9e] received
[2026-04-28 12:17:20,978: INFO/ForkPoolWorker-2] Task tasks.probe_devices[14e09bac-df9f-4161-b1b6-c3bbea30bb9e] succeeded in 0.023604582998814294s: {'total': 1, 'ok': 1, 'fail': 0, 'turned_offline': [], 'recovered': []}
[2026-04-28 12:17:50,947: INFO/Beat] Scheduler: Sending due task probe_devices_every_30s (tasks.probe_devices)
[2026-04-28 12:17:50,958: INFO/MainProcess] Task tasks.probe_devices[db9f88fd-aeae-4fdc-9069-69c63c5f6a03] received
[2026-04-28 12:17:50,988: INFO/ForkPoolWorker-2] Task tasks.probe_devices[db9f88fd-aeae-4fdc-9069-69c63c5f6a03] succeeded in 0.029130291000910802s: {'total': 1, 'ok': 1, 'fail': 0, 'turned_offline': [], 'recovered': []}
[2026-04-28 12:18:20,947: INFO/Beat] Scheduler: Sending due task probe_devices_every_30s (tasks.probe_devices)
[2026-04-28 12:18:20,958: INFO/MainProcess] Task tasks.probe_devices[1639cbe9-282b-49f5-8714-9c4a3cb0d608] received
[2026-04-28 12:18:20,985: INFO/ForkPoolWorker-2] Task tasks.probe_devices[1639cbe9-282b-49f5-8714-9c4a3cb0d608] succeeded in 0.02645562499856169s: {'total': 1, 'ok': 1, 'fail': 0, 'turned_offline': [], 'recovered': []}
[2026-04-28 12:18:50,947: INFO/Beat] Scheduler: Sending due task probe_devices_every_30s (tasks.probe_devices)
[2026-04-28 12:18:50,955: INFO/MainProcess] Task tasks.probe_devices[bda04158-abef-480c-98d4-96a12fd97b26] received
[2026-04-28 12:18:50,980: INFO/ForkPoolWorker-2] Task tasks.probe_devices[bda04158-abef-480c-98d4-96a12fd97b26] succeeded in 0.02527495899994392s: {'total': 1, 'ok': 1, 'fail': 0, 'turned_offline': [], 'recovered': []}
[2026-04-28 12:19:20,948: INFO/Beat] Scheduler: Sending due task probe_devices_every_30s (tasks.probe_devices)
[2026-04-28 12:19:20,955: INFO/MainProcess] Task tasks.probe_devices[c3054e7d-dfd5-483a-af72-e40da1d51826] received
[2026-04-28 12:19:20,983: INFO/ForkPoolWorker-2] Task tasks.probe_devices[c3054e7d-dfd5-483a-af72-e40da1d51826] succeeded in 0.026804958000866463s: {'total': 1, 'ok': 1, 'fail': 0, 'turned_offline': [], 'recovered': []}
[2026-04-28 12:19:50,948: INFO/Beat] Scheduler: Sending due task probe_devices_every_30s (tasks.probe_devices)
[2026-04-28 12:19:50,957: INFO/MainProcess] Task tasks.probe_devices[2ea7e9a2-f0c5-4afa-b80d-502de87d2ed7] received
[2026-04-28 12:19:50,982: INFO/ForkPoolWorker-2] Task tasks.probe_devices[2ea7e9a2-f0c5-4afa-b80d-502de87d2ed7] succeeded in 0.02468274999955611s: {'total': 1, 'ok': 1, 'fail': 0, 'turned_offline': [], 'recovered': []}
[2026-04-28 12:20:20,948: INFO/Beat] Scheduler: Sending due task probe_devices_every_30s (tasks.probe_devices)
[2026-04-28 12:20:20,957: INFO/MainProcess] Task tasks.probe_devices[7469c8cc-1634-40b6-8476-89e42a1434c6] received
[2026-04-28 12:20:20,984: INFO/ForkPoolWorker-2] Task tasks.probe_devices[7469c8cc-1634-40b6-8476-89e42a1434c6] succeeded in 0.026963082998918253s: {'total': 1, 'ok': 1, 'fail': 0, 'turned_offline': [], 'recovered': []}
[2026-04-28 12:20:50,948: INFO/Beat] Scheduler: Sending due task probe_devices_every_30s (tasks.probe_devices)
[2026-04-28 12:20:50,952: INFO/MainProcess] Task tasks.probe_devices[9362fe10-af4b-496b-a800-17a98ffdbeb2] received
[2026-04-28 12:20:50,978: INFO/ForkPoolWorker-2] Task tasks.probe_devices[9362fe10-af4b-496b-a800-17a98ffdbeb2] succeeded in 0.02516170799935935s: {'total': 1, 'ok': 1, 'fail': 0, 'turned_offline': [], 'recovered': []}
[2026-04-28 12:21:20,948: INFO/Beat] Scheduler: Sending due task probe_devices_every_30s (tasks.probe_devices)
[2026-04-28 12:21:20,959: INFO/MainProcess] Task tasks.probe_devices[504da230-726c-404a-b6b4-a6b8d6acf64b] received
[2026-04-28 12:21:20,986: INFO/ForkPoolWorker-2] Task tasks.probe_devices[504da230-726c-404a-b6b4-a6b8d6acf64b] succeeded in 0.026868708000620245s: {'total': 1, 'ok': 1, 'fail': 0, 'turned_offline': [], 'recovered': []}
[2026-04-28 12:21:50,948: INFO/Beat] Scheduler: Sending due task probe_devices_every_30s (tasks.probe_devices)
[2026-04-28 12:21:50,956: INFO/MainProcess] Task tasks.probe_devices[83adf28e-10d7-4bd6-be6a-11cb6444b16a] received
[2026-04-28 12:21:50,984: INFO/ForkPoolWorker-2] Task tasks.probe_devices[83adf28e-10d7-4bd6-be6a-11cb6444b16a] succeeded in 0.027149834000738338s: {'total': 1, 'ok': 1, 'fail': 0, 'turned_offline': [], 'recovered': []}
[2026-04-28 12:22:20,948: INFO/Beat] Scheduler: Sending due task probe_devices_every_30s (tasks.probe_devices)
[2026-04-28 12:22:20,956: INFO/MainProcess] Task tasks.probe_devices[e45001a7-3ea3-4067-b536-0ea07e1d8b17] received
[2026-04-28 12:22:20,984: INFO/ForkPoolWorker-2] Task tasks.probe_devices[e45001a7-3ea3-4067-b536-0ea07e1d8b17] succeeded in 0.027753459000450675s: {'total': 1, 'ok': 1, 'fail': 0, 'turned_offline': [], 'recovered': []}
[2026-04-28 12:22:50,948: INFO/Beat] Scheduler: Sending due task probe_devices_every_30s (tasks.probe_devices)
[2026-04-28 12:22:50,952: INFO/MainProcess] Task tasks.probe_devices[0de53e86-a996-4061-831c-8e09d8db2563] received
[2026-04-28 12:22:50,984: INFO/ForkPoolWorker-2] Task tasks.probe_devices[0de53e86-a996-4061-831c-8e09d8db2563] succeeded in 0.03151649999927031s: {'total': 1, 'ok': 1, 'fail': 0, 'turned_offline': [], 'recovered': []}
[2026-04-28 12:23:20,948: INFO/Beat] Scheduler: Sending due task probe_devices_every_30s (tasks.probe_devices)
[2026-04-28 12:23:20,953: INFO/MainProcess] Task tasks.probe_devices[05198b3b-af47-45ee-91a3-37e85d52af0a] received
[2026-04-28 12:23:20,988: INFO/ForkPoolWorker-2] Task tasks.probe_devices[05198b3b-af47-45ee-91a3-37e85d52af0a] succeeded in 0.034003124999799184s: {'total': 1, 'ok': 1, 'fail': 0, 'turned_offline': [], 'recovered': []}
[2026-04-28 12:23:50,948: INFO/Beat] Scheduler: Sending due task probe_devices_every_30s (tasks.probe_devices)
[2026-04-28 12:23:50,957: INFO/MainProcess] Task tasks.probe_devices[098c3817-195e-41b6-81c7-c386142ea520] received
[2026-04-28 12:23:50,986: INFO/ForkPoolWorker-2] Task tasks.probe_devices[098c3817-195e-41b6-81c7-c386142ea520] succeeded in 0.02889179200064973s: {'total': 1, 'ok': 1, 'fail': 0, 'turned_offline': [], 'recovered': []}
[2026-04-28 12:24:20,948: INFO/Beat] Scheduler: Sending due task probe_devices_every_30s (tasks.probe_devices)
[2026-04-28 12:24:20,957: INFO/MainProcess] Task tasks.probe_devices[ed884737-f01a-4b9b-9d02-dd37c1e3b2bb] received
[2026-04-28 12:24:20,986: INFO/ForkPoolWorker-2] Task tasks.probe_devices[ed884737-f01a-4b9b-9d02-dd37c1e3b2bb] succeeded in 0.02799816700098745s: {'total': 1, 'ok': 1, 'fail': 0, 'turned_offline': [], 'recovered': []}
[2026-04-28 12:24:50,948: INFO/Beat] Scheduler: Sending due task probe_devices_every_30s (tasks.probe_devices)
[2026-04-28 12:24:50,954: INFO/MainProcess] Task tasks.probe_devices[cd8d3ebe-cac4-4910-8155-f8a2bc8264d9] received
[2026-04-28 12:24:50,980: INFO/ForkPoolWorker-2] Task tasks.probe_devices[cd8d3ebe-cac4-4910-8155-f8a2bc8264d9] succeeded in 0.02520583299883583s: {'total': 1, 'ok': 1, 'fail': 0, 'turned_offline': [], 'recovered': []}
[2026-04-28 12:25:20,948: INFO/Beat] Scheduler: Sending due task probe_devices_every_30s (tasks.probe_devices)
[2026-04-28 12:25:20,957: INFO/MainProcess] Task tasks.probe_devices[132f63d3-2773-433c-9d70-74c4992a2c30] received
[2026-04-28 12:25:20,984: INFO/ForkPoolWorker-2] Task tasks.probe_devices[132f63d3-2773-433c-9d70-74c4992a2c30] succeeded in 0.027023542001188616s: {'total': 1, 'ok': 1, 'fail': 0, 'turned_offline': [], 'recovered': []}
[2026-04-28 12:25:50,948: INFO/Beat] Scheduler: Sending due task probe_devices_every_30s (tasks.probe_devices)
[2026-04-28 12:25:50,956: INFO/MainProcess] Task tasks.probe_devices[f7edba89-7ae5-430a-bd10-5a17c8da104c] received
[2026-04-28 12:25:50,980: INFO/ForkPoolWorker-2] Task tasks.probe_devices[f7edba89-7ae5-430a-bd10-5a17c8da104c] succeeded in 0.023613957999259583s: {'total': 1, 'ok': 1, 'fail': 0, 'turned_offline': [], 'recovered': []}
[2026-04-28 12:26:20,948: INFO/Beat] Scheduler: Sending due task probe_devices_every_30s (tasks.probe_devices)
[2026-04-28 12:26:20,961: INFO/MainProcess] Task tasks.probe_devices[499def08-50ab-4d3b-a259-fe31181f5948] received
[2026-04-28 12:26:20,986: INFO/ForkPoolWorker-2] Task tasks.probe_devices[499def08-50ab-4d3b-a259-fe31181f5948] succeeded in 0.023942499999975553s: {'total': 1, 'ok': 1, 'fail': 0, 'turned_offline': [], 'recovered': []}
[2026-04-28 12:26:50,948: INFO/Beat] Scheduler: Sending due task probe_devices_every_30s (tasks.probe_devices)
[2026-04-28 12:26:50,955: INFO/MainProcess] Task tasks.probe_devices[168ab4cc-d34a-4197-98fe-9e6432366bfe] received
[2026-04-28 12:26:50,982: INFO/ForkPoolWorker-2] Task tasks.probe_devices[168ab4cc-d34a-4197-98fe-9e6432366bfe] succeeded in 0.026650540999980876s: {'total': 1, 'ok': 1, 'fail': 0, 'turned_offline': [], 'recovered': []}
[2026-04-28 12:27:20,948: INFO/Beat] Scheduler: Sending due task probe_devices_every_30s (tasks.probe_devices)
[2026-04-28 12:27:20,954: INFO/MainProcess] Task tasks.probe_devices[76b0b639-171a-4e3c-984b-76fba7b59099] received
[2026-04-28 12:27:20,978: INFO/ForkPoolWorker-2] Task tasks.probe_devices[76b0b639-171a-4e3c-984b-76fba7b59099] succeeded in 0.023178792000180692s: {'total': 1, 'ok': 1, 'fail': 0, 'turned_offline': [], 'recovered': []}
[2026-04-28 12:27:50,948: INFO/Beat] Scheduler: Sending due task probe_devices_every_30s (tasks.probe_devices)
[2026-04-28 12:27:50,955: INFO/MainProcess] Task tasks.probe_devices[89663c37-e03c-43ac-8c51-6e551407c429] received
[2026-04-28 12:27:50,994: INFO/ForkPoolWorker-2] Task tasks.probe_devices[89663c37-e03c-43ac-8c51-6e551407c429] succeeded in 0.03757154199956858s: {'total': 1, 'ok': 1, 'fail': 0, 'turned_offline': [], 'recovered': []}
[2026-04-28 12:28:20,948: INFO/Beat] Scheduler: Sending due task probe_devices_every_30s (tasks.probe_devices)
[2026-04-28 12:28:20,955: INFO/MainProcess] Task tasks.probe_devices[ac55b93a-400c-46d6-b7ce-46367bf62667] received
[2026-04-28 12:28:20,984: INFO/ForkPoolWorker-2] Task tasks.probe_devices[ac55b93a-400c-46d6-b7ce-46367bf62667] succeeded in 0.028075124999304535s: {'total': 1, 'ok': 1, 'fail': 0, 'turned_offline': [], 'recovered': []}
[2026-04-28 12:28:50,948: INFO/Beat] Scheduler: Sending due task probe_devices_every_30s (tasks.probe_devices)
[2026-04-28 12:28:50,954: INFO/MainProcess] Task tasks.probe_devices[740dab46-970d-4153-8af2-40f1e7016a3a] received
[2026-04-28 12:28:50,978: INFO/ForkPoolWorker-2] Task tasks.probe_devices[740dab46-970d-4153-8af2-40f1e7016a3a] succeeded in 0.02345137500014971s: {'total': 1, 'ok': 1, 'fail': 0, 'turned_offline': [], 'recovered': []}
[2026-04-28 12:29:20,948: INFO/Beat] Scheduler: Sending due task probe_devices_every_30s (tasks.probe_devices)
[2026-04-28 12:29:20,955: INFO/MainProcess] Task tasks.probe_devices[525440a9-3104-4e19-b4b0-8925559f2989] received
[2026-04-28 12:29:20,981: INFO/ForkPoolWorker-2] Task tasks.probe_devices[525440a9-3104-4e19-b4b0-8925559f2989] succeeded in 0.025729208999109687s: {'total': 1, 'ok': 1, 'fail': 0, 'turned_offline': [], 'recovered': []}
[2026-04-28 12:29:50,948: INFO/Beat] Scheduler: Sending due task probe_devices_every_30s (tasks.probe_devices)
[2026-04-28 12:29:50,956: INFO/MainProcess] Task tasks.probe_devices[36283334-4cb5-4235-9c24-e0e2ef9b0fa1] received
[2026-04-28 12:29:50,983: INFO/ForkPoolWorker-2] Task tasks.probe_devices[36283334-4cb5-4235-9c24-e0e2ef9b0fa1] succeeded in 0.025763083000128972s: {'total': 1, 'ok': 1, 'fail': 0, 'turned_offline': [], 'recovered': []}
[2026-04-28 12:30:20,948: INFO/Beat] Scheduler: Sending due task probe_devices_every_30s (tasks.probe_devices)
[2026-04-28 12:30:20,955: INFO/MainProcess] Task tasks.probe_devices[4ed67761-108d-465a-a7e8-6521df804d8f] received
[2026-04-28 12:30:20,978: INFO/ForkPoolWorker-2] Task tasks.probe_devices[4ed67761-108d-465a-a7e8-6521df804d8f] succeeded in 0.022829667001133203s: {'total': 1, 'ok': 1, 'fail': 0, 'turned_offline': [], 'recovered': []}
[2026-04-28 12:30:50,948: INFO/Beat] Scheduler: Sending due task probe_devices_every_30s (tasks.probe_devices)
[2026-04-28 12:30:50,954: INFO/MainProcess] Task tasks.probe_devices[07d27abe-b5ec-4f7f-afb5-581517f36102] received
[2026-04-28 12:30:50,982: INFO/ForkPoolWorker-2] Task tasks.probe_devices[07d27abe-b5ec-4f7f-afb5-581517f36102] succeeded in 0.02791662499839731s: {'total': 1, 'ok': 1, 'fail': 0, 'turned_offline': [], 'recovered': []}
[2026-04-28 12:31:20,948: INFO/Beat] Scheduler: Sending due task probe_devices_every_30s (tasks.probe_devices)
[2026-04-28 12:31:20,956: INFO/MainProcess] Task tasks.probe_devices[f9cf6e34-eada-4789-beeb-da96e593a9b4] received
[2026-04-28 12:31:20,980: INFO/ForkPoolWorker-2] Task tasks.probe_devices[f9cf6e34-eada-4789-beeb-da96e593a9b4] succeeded in 0.023735292001219932s: {'total': 1, 'ok': 1, 'fail': 0, 'turned_offline': [], 'recovered': []}
[2026-04-28 12:31:50,948: INFO/Beat] Scheduler: Sending due task probe_devices_every_30s (tasks.probe_devices)
[2026-04-28 12:31:50,955: INFO/MainProcess] Task tasks.probe_devices[e0db651f-ff53-4e81-919d-b0d1f2f5ffdb] received
[2026-04-28 12:31:50,983: INFO/ForkPoolWorker-2] Task tasks.probe_devices[e0db651f-ff53-4e81-919d-b0d1f2f5ffdb] succeeded in 0.027125874999910593s: {'total': 1, 'ok': 1, 'fail': 0, 'turned_offline': [], 'recovered': []}
[2026-04-28 12:32:20,948: INFO/Beat] Scheduler: Sending due task probe_devices_every_30s (tasks.probe_devices)
[2026-04-28 12:32:20,955: INFO/MainProcess] Task tasks.probe_devices[7717c858-6f6b-4426-8125-1f2321a6efac] received
[2026-04-28 12:32:20,979: INFO/ForkPoolWorker-2] Task tasks.probe_devices[7717c858-6f6b-4426-8125-1f2321a6efac] succeeded in 0.023461458000383573s: {'total': 1, 'ok': 1, 'fail': 0, 'turned_offline': [], 'recovered': []}
[2026-04-28 12:32:50,948: INFO/Beat] Scheduler: Sending due task probe_devices_every_30s (tasks.probe_devices)
[2026-04-28 12:32:50,956: INFO/MainProcess] Task tasks.probe_devices[8b917c40-5fa4-4cdc-81b6-01675f09b2aa] received
[2026-04-28 12:32:50,983: INFO/ForkPoolWorker-2] Task tasks.probe_devices[8b917c40-5fa4-4cdc-81b6-01675f09b2aa] succeeded in 0.026861999998800457s: {'total': 1, 'ok': 1, 'fail': 0, 'turned_offline': [], 'recovered': []}
[2026-04-28 12:33:20,948: INFO/Beat] Scheduler: Sending due task probe_devices_every_30s (tasks.probe_devices)
[2026-04-28 12:33:20,955: INFO/MainProcess] Task tasks.probe_devices[488be286-9090-417b-8c1d-7219eb1cb0b4] received
[2026-04-28 12:33:20,983: INFO/ForkPoolWorker-2] Task tasks.probe_devices[488be286-9090-417b-8c1d-7219eb1cb0b4] succeeded in 0.028310416000749683s: {'total': 1, 'ok': 1, 'fail': 0, 'turned_offline': [], 'recovered': []}
[2026-04-28 12:33:50,948: INFO/Beat] Scheduler: Sending due task probe_devices_every_30s (tasks.probe_devices)
[2026-04-28 12:33:50,955: INFO/MainProcess] Task tasks.probe_devices[973d1993-6327-4453-915b-8723bf4114d1] received
[2026-04-28 12:33:50,978: INFO/ForkPoolWorker-2] Task tasks.probe_devices[973d1993-6327-4453-915b-8723bf4114d1] succeeded in 0.02290191700012656s: {'total': 1, 'ok': 1, 'fail': 0, 'turned_offline': [], 'recovered': []}
[2026-04-28 12:34:20,948: INFO/Beat] Scheduler: Sending due task probe_devices_every_30s (tasks.probe_devices)
[2026-04-28 12:34:20,954: INFO/MainProcess] Task tasks.probe_devices[fba75bc8-8097-493e-a474-af8ea4a66a1c] received
[2026-04-28 12:34:20,979: INFO/ForkPoolWorker-2] Task tasks.probe_devices[fba75bc8-8097-493e-a474-af8ea4a66a1c] succeeded in 0.024231375000454136s: {'total': 1, 'ok': 1, 'fail': 0, 'turned_offline': [], 'recovered': []}
[2026-04-28 12:34:50,948: INFO/Beat] Scheduler: Sending due task probe_devices_every_30s (tasks.probe_devices)
[2026-04-28 12:34:50,956: INFO/MainProcess] Task tasks.probe_devices[70eabd6c-1105-4cc3-aabb-c7970d4a1d4b] received
[2026-04-28 12:34:50,984: INFO/ForkPoolWorker-2] Task tasks.probe_devices[70eabd6c-1105-4cc3-aabb-c7970d4a1d4b] succeeded in 0.0275307089996204s: {'total': 1, 'ok': 1, 'fail': 0, 'turned_offline': [], 'recovered': []}
[2026-04-28 12:35:20,948: INFO/Beat] Scheduler: Sending due task probe_devices_every_30s (tasks.probe_devices)
[2026-04-28 12:35:20,952: INFO/MainProcess] Task tasks.probe_devices[7628e06b-e4d8-4ad6-8148-c622c0aae7e6] received
[2026-04-28 12:35:20,978: INFO/ForkPoolWorker-2] Task tasks.probe_devices[7628e06b-e4d8-4ad6-8148-c622c0aae7e6] succeeded in 0.02510095899924636s: {'total': 1, 'ok': 1, 'fail': 0, 'turned_offline': [], 'recovered': []}
[2026-04-28 12:35:50,948: INFO/Beat] Scheduler: Sending due task probe_devices_every_30s (tasks.probe_devices)
[2026-04-28 12:35:50,953: INFO/MainProcess] Task tasks.probe_devices[67c851a7-421a-4cf0-bf67-14c687876d05] received
[2026-04-28 12:35:50,983: INFO/ForkPoolWorker-2] Task tasks.probe_devices[67c851a7-421a-4cf0-bf67-14c687876d05] succeeded in 0.029618042000947753s: {'total': 1, 'ok': 1, 'fail': 0, 'turned_offline': [], 'recovered': []}
[2026-04-28 12:36:20,948: INFO/Beat] Scheduler: Sending due task probe_devices_every_30s (tasks.probe_devices)
[2026-04-28 12:36:20,957: INFO/MainProcess] Task tasks.probe_devices[fe73146f-b0c4-45a7-9968-008ea47b6bda] received
[2026-04-28 12:36:20,984: INFO/ForkPoolWorker-2] Task tasks.probe_devices[fe73146f-b0c4-45a7-9968-008ea47b6bda] succeeded in 0.02629512500061537s: {'total': 1, 'ok': 1, 'fail': 0, 'turned_offline': [], 'recovered': []}
[2026-04-28 12:36:50,948: INFO/Beat] Scheduler: Sending due task probe_devices_every_30s (tasks.probe_devices)
[2026-04-28 12:36:50,959: INFO/MainProcess] Task tasks.probe_devices[7eaf2392-d9a0-42ba-94cb-3fca7dd7d8fb] received
[2026-04-28 12:36:50,988: INFO/ForkPoolWorker-2] Task tasks.probe_devices[7eaf2392-d9a0-42ba-94cb-3fca7dd7d8fb] succeeded in 0.02821912499894097s: {'total': 1, 'ok': 1, 'fail': 0, 'turned_offline': [], 'recovered': []}
[2026-04-28 12:37:20,948: INFO/Beat] Scheduler: Sending due task probe_devices_every_30s (tasks.probe_devices)
[2026-04-28 12:37:20,953: INFO/MainProcess] Task tasks.probe_devices[fbc346f3-7d07-4c84-8841-0d81a2cc13c3] received
[2026-04-28 12:37:20,982: INFO/ForkPoolWorker-2] Task tasks.probe_devices[fbc346f3-7d07-4c84-8841-0d81a2cc13c3] succeeded in 0.02789245900021342s: {'total': 1, 'ok': 1, 'fail': 0, 'turned_offline': [], 'recovered': []}
[2026-04-28 12:37:50,948: INFO/Beat] Scheduler: Sending due task probe_devices_every_30s (tasks.probe_devices)
[2026-04-28 12:37:50,952: INFO/MainProcess] Task tasks.probe_devices[cb47af61-33cc-435f-9d10-4c28965828ef] received
[2026-04-28 12:37:50,975: INFO/ForkPoolWorker-2] Task tasks.probe_devices[cb47af61-33cc-435f-9d10-4c28965828ef] succeeded in 0.022206082998309284s: {'total': 1, 'ok': 1, 'fail': 0, 'turned_offline': [], 'recovered': []}
[2026-04-28 12:38:20,948: INFO/Beat] Scheduler: Sending due task probe_devices_every_30s (tasks.probe_devices)
[2026-04-28 12:38:20,961: INFO/MainProcess] Task tasks.probe_devices[bee56c4e-a053-4613-8ccf-8e553ba4fa54] received
[2026-04-28 12:38:20,986: INFO/ForkPoolWorker-2] Task tasks.probe_devices[bee56c4e-a053-4613-8ccf-8e553ba4fa54] succeeded in 0.024553833998652408s: {'total': 1, 'ok': 1, 'fail': 0, 'turned_offline': [], 'recovered': []}
[2026-04-28 12:38:50,948: INFO/Beat] Scheduler: Sending due task probe_devices_every_30s (tasks.probe_devices)
[2026-04-28 12:38:50,958: INFO/MainProcess] Task tasks.probe_devices[d7dbc110-a9b6-4cc4-8204-8f4cea154d4f] received
[2026-04-28 12:38:50,984: INFO/ForkPoolWorker-2] Task tasks.probe_devices[d7dbc110-a9b6-4cc4-8204-8f4cea154d4f] succeeded in 0.024836500000674278s: {'total': 1, 'ok': 1, 'fail': 0, 'turned_offline': [], 'recovered': []}
[2026-04-28 12:39:20,948: INFO/Beat] Scheduler: Sending due task probe_devices_every_30s (tasks.probe_devices)
[2026-04-28 12:39:20,957: INFO/MainProcess] Task tasks.probe_devices[38c7edd2-a488-4a39-817b-db83ade1dd89] received
[2026-04-28 12:39:20,983: INFO/ForkPoolWorker-2] Task tasks.probe_devices[38c7edd2-a488-4a39-817b-db83ade1dd89] succeeded in 0.025832916000581463s: {'total': 1, 'ok': 1, 'fail': 0, 'turned_offline': [], 'recovered': []}
[2026-04-28 12:39:50,948: INFO/Beat] Scheduler: Sending due task probe_devices_every_30s (tasks.probe_devices)
[2026-04-28 12:39:50,956: INFO/MainProcess] Task tasks.probe_devices[faa50a5a-a66b-4faf-9466-9a25ca45dba3] received
[2026-04-28 12:39:50,980: INFO/ForkPoolWorker-2] Task tasks.probe_devices[faa50a5a-a66b-4faf-9466-9a25ca45dba3] succeeded in 0.02345041599983233s: {'total': 1, 'ok': 1, 'fail': 0, 'turned_offline': [], 'recovered': []}
[2026-04-28 12:40:20,948: INFO/Beat] Scheduler: Sending due task probe_devices_every_30s (tasks.probe_devices)
[2026-04-28 12:40:20,955: INFO/MainProcess] Task tasks.probe_devices[a501cc30-f668-43c0-a458-db0d415443da] received
[2026-04-28 12:40:20,981: INFO/ForkPoolWorker-2] Task tasks.probe_devices[a501cc30-f668-43c0-a458-db0d415443da] succeeded in 0.024626874999739812s: {'total': 1, 'ok': 1, 'fail': 0, 'turned_offline': [], 'recovered': []}
[2026-04-28 12:40:50,948: INFO/Beat] Scheduler: Sending due task probe_devices_every_30s (tasks.probe_devices)
[2026-04-28 12:40:50,957: INFO/MainProcess] Task tasks.probe_devices[39585ff6-9bb9-4375-8777-3e00de5970e2] received
[2026-04-28 12:40:50,982: INFO/ForkPoolWorker-2] Task tasks.probe_devices[39585ff6-9bb9-4375-8777-3e00de5970e2] succeeded in 0.024493958000675775s: {'total': 1, 'ok': 1, 'fail': 0, 'turned_offline': [], 'recovered': []}
[2026-04-28 12:41:20,948: INFO/Beat] Scheduler: Sending due task probe_devices_every_30s (tasks.probe_devices)
[2026-04-28 12:41:20,955: INFO/MainProcess] Task tasks.probe_devices[38efbfed-bfff-4258-82a5-2df6e8af817a] received
[2026-04-28 12:41:20,981: INFO/ForkPoolWorker-2] Task tasks.probe_devices[38efbfed-bfff-4258-82a5-2df6e8af817a] succeeded in 0.025333416000648867s: {'total': 1, 'ok': 1, 'fail': 0, 'turned_offline': [], 'recovered': []}
[2026-04-28 12:41:50,949: INFO/Beat] Scheduler: Sending due task probe_devices_every_30s (tasks.probe_devices)
[2026-04-28 12:41:50,956: INFO/MainProcess] Task tasks.probe_devices[0c691e2b-4366-455e-a54d-ea90a8729115] received
[2026-04-28 12:41:50,983: INFO/ForkPoolWorker-2] Task tasks.probe_devices[0c691e2b-4366-455e-a54d-ea90a8729115] succeeded in 0.026200000000244472s: {'total': 1, 'ok': 1, 'fail': 0, 'turned_offline': [], 'recovered': []}
[2026-04-28 12:42:20,949: INFO/Beat] Scheduler: Sending due task probe_devices_every_30s (tasks.probe_devices)
[2026-04-28 12:42:20,956: INFO/MainProcess] Task tasks.probe_devices[6449414c-6423-4e12-b848-d9fbf29d5645] received
[2026-04-28 12:42:20,981: INFO/ForkPoolWorker-2] Task tasks.probe_devices[6449414c-6423-4e12-b848-d9fbf29d5645] succeeded in 0.0244979159997456s: {'total': 1, 'ok': 1, 'fail': 0, 'turned_offline': [], 'recovered': []}
[2026-04-28 12:42:50,949: INFO/Beat] Scheduler: Sending due task probe_devices_every_30s (tasks.probe_devices)
[2026-04-28 12:42:50,953: INFO/MainProcess] Task tasks.probe_devices[f5811166-9b26-457e-bddc-d20b609f998f] received
[2026-04-28 12:42:50,977: INFO/ForkPoolWorker-2] Task tasks.probe_devices[f5811166-9b26-457e-bddc-d20b609f998f] succeeded in 0.02418654099892592s: {'total': 1, 'ok': 1, 'fail': 0, 'turned_offline': [], 'recovered': []}
[2026-04-28 12:43:20,949: INFO/Beat] Scheduler: Sending due task probe_devices_every_30s (tasks.probe_devices)
[2026-04-28 12:43:20,955: INFO/MainProcess] Task tasks.probe_devices[80d0f4b6-a218-4d67-a95e-2f60541b4159] received
[2026-04-28 12:43:20,981: INFO/ForkPoolWorker-2] Task tasks.probe_devices[80d0f4b6-a218-4d67-a95e-2f60541b4159] succeeded in 0.025521583998852293s: {'total': 1, 'ok': 1, 'fail': 0, 'turned_offline': [], 'recovered': []}
[2026-04-28 12:43:50,949: INFO/Beat] Scheduler: Sending due task probe_devices_every_30s (tasks.probe_devices)
[2026-04-28 12:43:50,959: INFO/MainProcess] Task tasks.probe_devices[9b8a9693-57eb-4748-aeeb-a405aede9f2c] received
[2026-04-28 12:43:50,982: INFO/ForkPoolWorker-2] Task tasks.probe_devices[9b8a9693-57eb-4748-aeeb-a405aede9f2c] succeeded in 0.02277170799970918s: {'total': 1, 'ok': 1, 'fail': 0, 'turned_offline': [], 'recovered': []}
[2026-04-28 12:44:20,949: INFO/Beat] Scheduler: Sending due task probe_devices_every_30s (tasks.probe_devices)
[2026-04-28 12:44:20,957: INFO/MainProcess] Task tasks.probe_devices[1bcc5e2f-792a-4dc5-94a4-152bd718cd4a] received
[2026-04-28 12:44:20,983: INFO/ForkPoolWorker-2] Task tasks.probe_devices[1bcc5e2f-792a-4dc5-94a4-152bd718cd4a] succeeded in 0.024733750000450527s: {'total': 1, 'ok': 1, 'fail': 0, 'turned_offline': [], 'recovered': []}
[2026-04-28 12:44:50,949: INFO/Beat] Scheduler: Sending due task probe_devices_every_30s (tasks.probe_devices)
[2026-04-28 12:44:50,956: INFO/MainProcess] Task tasks.probe_devices[061e067d-46e2-4894-9f88-51365488ce14] received
[2026-04-28 12:44:50,980: INFO/ForkPoolWorker-2] Task tasks.probe_devices[061e067d-46e2-4894-9f88-51365488ce14] succeeded in 0.02372579199982283s: {'total': 1, 'ok': 1, 'fail': 0, 'turned_offline': [], 'recovered': []}
[2026-04-28 12:45:20,949: INFO/Beat] Scheduler: Sending due task probe_devices_every_30s (tasks.probe_devices)
[2026-04-28 12:45:20,956: INFO/MainProcess] Task tasks.probe_devices[6e8fae5e-bdf0-46ba-8b7e-2b001d12d43b] received
[2026-04-28 12:45:20,984: INFO/ForkPoolWorker-2] Task tasks.probe_devices[6e8fae5e-bdf0-46ba-8b7e-2b001d12d43b] succeeded in 0.026846250000744476s: {'total': 1, 'ok': 1, 'fail': 0, 'turned_offline': [], 'recovered': []}
[2026-04-28 12:45:50,949: INFO/Beat] Scheduler: Sending due task probe_devices_every_30s (tasks.probe_devices)
[2026-04-28 12:45:50,957: INFO/MainProcess] Task tasks.probe_devices[322bdf55-b38f-42f5-8b55-61e832e6e06c] received
[2026-04-28 12:45:50,986: INFO/ForkPoolWorker-2] Task tasks.probe_devices[322bdf55-b38f-42f5-8b55-61e832e6e06c] succeeded in 0.02796341700013727s: {'total': 1, 'ok': 1, 'fail': 0, 'turned_offline': [], 'recovered': []}
[2026-04-28 12:46:20,949: INFO/Beat] Scheduler: Sending due task probe_devices_every_30s (tasks.probe_devices)
[2026-04-28 12:46:20,956: INFO/MainProcess] Task tasks.probe_devices[569eba0a-7a0c-4335-bfc9-2f239041e037] received
[2026-04-28 12:46:20,982: INFO/ForkPoolWorker-2] Task tasks.probe_devices[569eba0a-7a0c-4335-bfc9-2f239041e037] succeeded in 0.025164749999021296s: {'total': 1, 'ok': 1, 'fail': 0, 'turned_offline': [], 'recovered': []}
[2026-04-28 12:46:50,949: INFO/Beat] Scheduler: Sending due task probe_devices_every_30s (tasks.probe_devices)
[2026-04-28 12:46:50,955: INFO/MainProcess] Task tasks.probe_devices[65b842d4-a758-4b70-9b5d-dae42883f06f] received
[2026-04-28 12:46:50,981: INFO/ForkPoolWorker-2] Task tasks.probe_devices[65b842d4-a758-4b70-9b5d-dae42883f06f] succeeded in 0.02529554200009443s: {'total': 1, 'ok': 1, 'fail': 0, 'turned_offline': [], 'recovered': []}
[2026-04-28 12:47:20,949: INFO/Beat] Scheduler: Sending due task probe_devices_every_30s (tasks.probe_devices)
[2026-04-28 12:47:20,957: INFO/MainProcess] Task tasks.probe_devices[3f6432b6-8c0c-43bc-a896-1f9136efce43] received
[2026-04-28 12:47:20,981: INFO/ForkPoolWorker-2] Task tasks.probe_devices[3f6432b6-8c0c-43bc-a896-1f9136efce43] succeeded in 0.023998124999707215s: {'total': 1, 'ok': 1, 'fail': 0, 'turned_offline': [], 'recovered': []}
[2026-04-28 12:47:50,949: INFO/Beat] Scheduler: Sending due task probe_devices_every_30s (tasks.probe_devices)
[2026-04-28 12:47:50,955: INFO/MainProcess] Task tasks.probe_devices[84374c48-8a84-42c6-80fd-248b1f067eb1] received
[2026-04-28 12:47:50,982: INFO/ForkPoolWorker-2] Task tasks.probe_devices[84374c48-8a84-42c6-80fd-248b1f067eb1] succeeded in 0.02595679099977133s: {'total': 1, 'ok': 1, 'fail': 0, 'turned_offline': [], 'recovered': []}
[2026-04-28 12:48:20,949: INFO/Beat] Scheduler: Sending due task probe_devices_every_30s (tasks.probe_devices)
[2026-04-28 12:48:20,961: INFO/MainProcess] Task tasks.probe_devices[e9faaf79-a148-4bb6-a494-10d933424577] received
[2026-04-28 12:48:20,986: INFO/ForkPoolWorker-2] Task tasks.probe_devices[e9faaf79-a148-4bb6-a494-10d933424577] succeeded in 0.024391666998781147s: {'total': 1, 'ok': 1, 'fail': 0, 'turned_offline': [], 'recovered': []}
[2026-04-28 12:49:55,799: INFO/Beat] Scheduler: Sending due task probe_devices_every_30s (tasks.probe_devices)
[2026-04-28 12:49:55,807: INFO/MainProcess] Task tasks.probe_devices[98851f70-5b0f-4533-849a-769cbe75cbcc] received
[2026-04-28 12:49:55,833: INFO/ForkPoolWorker-2] Task tasks.probe_devices[98851f70-5b0f-4533-849a-769cbe75cbcc] succeeded in 0.02591124999889871s: {'total': 1, 'ok': 1, 'fail': 0, 'turned_offline': [], 'recovered': []}
[2026-04-28 12:50:29,645: INFO/Beat] Scheduler: Sending due task probe_devices_every_30s (tasks.probe_devices)
[2026-04-28 12:50:29,652: INFO/MainProcess] Task tasks.probe_devices[8f85513b-0852-4407-b1f7-60beb4e43ee3] received
[2026-04-28 12:50:29,678: INFO/ForkPoolWorker-2] Task tasks.probe_devices[8f85513b-0852-4407-b1f7-60beb4e43ee3] succeeded in 0.024626624999655178s: {'total': 1, 'ok': 1, 'fail': 0, 'turned_offline': [], 'recovered': []}
[2026-04-28 12:50:59,645: INFO/Beat] Scheduler: Sending due task probe_devices_every_30s (tasks.probe_devices)
[2026-04-28 12:50:59,651: INFO/MainProcess] Task tasks.probe_devices[45f3d5a5-64a7-40c8-878f-a91006fabcaa] received
[2026-04-28 12:50:59,676: INFO/ForkPoolWorker-2] Task tasks.probe_devices[45f3d5a5-64a7-40c8-878f-a91006fabcaa] succeeded in 0.02429149999989022s: {'total': 1, 'ok': 1, 'fail': 0, 'turned_offline': [], 'recovered': []}
[2026-04-28 12:51:32,496: INFO/Beat] Scheduler: Sending due task probe_devices_every_30s (tasks.probe_devices)
[2026-04-28 12:51:32,503: INFO/MainProcess] Task tasks.probe_devices[19f1df30-988e-449e-85c4-83d1fc48be2b] received
[2026-04-28 12:51:32,527: INFO/ForkPoolWorker-2] Task tasks.probe_devices[19f1df30-988e-449e-85c4-83d1fc48be2b] succeeded in 0.023438958000042476s: {'total': 1, 'ok': 1, 'fail': 0, 'turned_offline': [], 'recovered': []}
[2026-04-28 12:52:05,425: INFO/Beat] Scheduler: Sending due task probe_devices_every_30s (tasks.probe_devices)
[2026-04-28 12:52:05,432: INFO/MainProcess] Task tasks.probe_devices[092a6643-4671-462e-b2fa-ae832a2a3cb4] received
[2026-04-28 12:52:05,456: INFO/ForkPoolWorker-2] Task tasks.probe_devices[092a6643-4671-462e-b2fa-ae832a2a3cb4] succeeded in 0.023768791999827954s: {'total': 1, 'ok': 1, 'fail': 0, 'turned_offline': [], 'recovered': []}
[2026-04-28 12:52:35,425: INFO/Beat] Scheduler: Sending due task probe_devices_every_30s (tasks.probe_devices)
[2026-04-28 12:52:35,431: INFO/MainProcess] Task tasks.probe_devices[35cf002d-0402-4868-bb17-aea987da8324] received
[2026-04-28 12:52:35,456: INFO/ForkPoolWorker-2] Task tasks.probe_devices[35cf002d-0402-4868-bb17-aea987da8324] succeeded in 0.024518167001588154s: {'total': 1, 'ok': 1, 'fail': 0, 'turned_offline': [], 'recovered': []}
[2026-04-28 12:53:09,371: INFO/Beat] Scheduler: Sending due task probe_devices_every_30s (tasks.probe_devices)
[2026-04-28 12:53:09,380: INFO/MainProcess] Task tasks.probe_devices[eae3e843-faac-4161-b3f4-07b36870424a] received
[2026-04-28 12:53:09,404: INFO/ForkPoolWorker-2] Task tasks.probe_devices[eae3e843-faac-4161-b3f4-07b36870424a] succeeded in 0.023890833999757888s: {'total': 1, 'ok': 1, 'fail': 0, 'turned_offline': [], 'recovered': []}
[2026-04-28 12:53:42,273: INFO/Beat] Scheduler: Sending due task probe_devices_every_30s (tasks.probe_devices)
[2026-04-28 12:53:42,278: INFO/MainProcess] Task tasks.probe_devices[f2f5f4d5-7538-4015-9c88-e5928832249b] received
[2026-04-28 12:53:42,302: INFO/ForkPoolWorker-2] Task tasks.probe_devices[f2f5f4d5-7538-4015-9c88-e5928832249b] succeeded in 0.023319500000070548s: {'total': 1, 'ok': 1, 'fail': 0, 'turned_offline': [], 'recovered': []}
[2026-04-28 12:54:12,273: INFO/Beat] Scheduler: Sending due task probe_devices_every_30s (tasks.probe_devices)
[2026-04-28 12:54:12,280: INFO/MainProcess] Task tasks.probe_devices[6b01f779-4c72-47bd-a248-7ebd1447d8cf] received
[2026-04-28 12:54:12,305: INFO/ForkPoolWorker-2] Task tasks.probe_devices[6b01f779-4c72-47bd-a248-7ebd1447d8cf] succeeded in 0.02412012499917182s: {'total': 1, 'ok': 1, 'fail': 0, 'turned_offline': [], 'recovered': []}
[2026-04-28 12:54:46,068: INFO/Beat] Scheduler: Sending due task probe_devices_every_30s (tasks.probe_devices)
[2026-04-28 12:54:46,076: INFO/MainProcess] Task tasks.probe_devices[31d9f748-324a-4973-b36e-b1cf56c167db] received
[2026-04-28 12:54:46,100: INFO/ForkPoolWorker-2] Task tasks.probe_devices[31d9f748-324a-4973-b36e-b1cf56c167db] succeeded in 0.023214459000882925s: {'total': 1, 'ok': 1, 'fail': 0, 'turned_offline': [], 'recovered': []}
[2026-04-28 12:55:16,068: INFO/Beat] Scheduler: Sending due task probe_devices_every_30s (tasks.probe_devices)
[2026-04-28 12:55:16,074: INFO/MainProcess] Task tasks.probe_devices[805d8fba-a93b-43e2-a161-d12b192db669] received
[2026-04-28 12:55:16,099: INFO/ForkPoolWorker-2] Task tasks.probe_devices[805d8fba-a93b-43e2-a161-d12b192db669] succeeded in 0.024293000000398024s: {'total': 1, 'ok': 1, 'fail': 0, 'turned_offline': [], 'recovered': []}
[2026-04-28 12:55:48,900: INFO/Beat] Scheduler: Sending due task probe_devices_every_30s (tasks.probe_devices)
[2026-04-28 12:55:48,907: INFO/MainProcess] Task tasks.probe_devices[f89b4958-e936-4f25-bc9b-5b3133054342] received
[2026-04-28 12:55:48,932: INFO/ForkPoolWorker-2] Task tasks.probe_devices[f89b4958-e936-4f25-bc9b-5b3133054342] succeeded in 0.024254792000647285s: {'total': 1, 'ok': 1, 'fail': 0, 'turned_offline': [], 'recovered': []}
[2026-04-28 12:56:22,867: INFO/Beat] Scheduler: Sending due task probe_devices_every_30s (tasks.probe_devices)
[2026-04-28 12:56:22,875: INFO/MainProcess] Task tasks.probe_devices[03b603f4-91a8-4396-9981-1f3dcd27a470] received
[2026-04-28 12:56:22,900: INFO/ForkPoolWorker-2] Task tasks.probe_devices[03b603f4-91a8-4396-9981-1f3dcd27a470] succeeded in 0.02427466699919023s: {'total': 1, 'ok': 1, 'fail': 0, 'turned_offline': [], 'recovered': []}
[2026-04-28 12:56:52,867: INFO/Beat] Scheduler: Sending due task probe_devices_every_30s (tasks.probe_devices)
[2026-04-28 12:56:52,875: INFO/MainProcess] Task tasks.probe_devices[c8e2fbff-a2a4-4975-b1b5-eb22fedf8e18] received
[2026-04-28 12:56:52,900: INFO/ForkPoolWorker-2] Task tasks.probe_devices[c8e2fbff-a2a4-4975-b1b5-eb22fedf8e18] succeeded in 0.023597749999680673s: {'total': 1, 'ok': 1, 'fail': 0, 'turned_offline': [], 'recovered': []}
[2026-04-28 12:57:25,653: INFO/Beat] Scheduler: Sending due task probe_devices_every_30s (tasks.probe_devices)
[2026-04-28 12:57:25,661: INFO/MainProcess] Task tasks.probe_devices[03cb5858-114d-4589-ae61-12e6d8aa1d30] received
[2026-04-28 12:57:25,685: INFO/ForkPoolWorker-2] Task tasks.probe_devices[03cb5858-114d-4589-ae61-12e6d8aa1d30] succeeded in 0.023716417001196533s: {'total': 1, 'ok': 1, 'fail': 0, 'turned_offline': [], 'recovered': []}
[2026-04-28 12:57:58,448: INFO/Beat] Scheduler: Sending due task probe_devices_every_30s (tasks.probe_devices)
[2026-04-28 12:57:58,456: INFO/MainProcess] Task tasks.probe_devices[b4862277-ba3f-4b5d-ae6a-34eb21e22a1c] received
[2026-04-28 12:57:58,480: INFO/ForkPoolWorker-2] Task tasks.probe_devices[b4862277-ba3f-4b5d-ae6a-34eb21e22a1c] succeeded in 0.023961333999977796s: {'total': 1, 'ok': 1, 'fail': 0, 'turned_offline': [], 'recovered': []}
[2026-04-28 12:58:28,448: INFO/Beat] Scheduler: Sending due task probe_devices_every_30s (tasks.probe_devices)
[2026-04-28 12:58:28,456: INFO/MainProcess] Task tasks.probe_devices[1df9ecd2-588b-4b34-bd50-0effa18bfabf] received
[2026-04-28 12:58:28,480: INFO/ForkPoolWorker-2] Task tasks.probe_devices[1df9ecd2-588b-4b34-bd50-0effa18bfabf] succeeded in 0.023500875000536325s: {'total': 1, 'ok': 1, 'fail': 0, 'turned_offline': [], 'recovered': []}
[2026-04-28 12:59:02,306: INFO/Beat] Scheduler: Sending due task probe_devices_every_30s (tasks.probe_devices)
[2026-04-28 12:59:02,313: INFO/MainProcess] Task tasks.probe_devices[98fd6c68-6c3d-4bd3-a8b6-2b484995d05e] received
[2026-04-28 12:59:02,337: INFO/ForkPoolWorker-2] Task tasks.probe_devices[98fd6c68-6c3d-4bd3-a8b6-2b484995d05e] succeeded in 0.023133583999879193s: {'total': 1, 'ok': 1, 'fail': 0, 'turned_offline': [], 'recovered': []}
[2026-04-28 12:59:35,093: INFO/Beat] Scheduler: Sending due task probe_devices_every_30s (tasks.probe_devices)
[2026-04-28 12:59:35,102: INFO/MainProcess] Task tasks.probe_devices[52463198-b143-4150-a1db-fa6c51069616] received
[2026-04-28 12:59:35,127: INFO/ForkPoolWorker-2] Task tasks.probe_devices[52463198-b143-4150-a1db-fa6c51069616] succeeded in 0.024542582999856677s: {'total': 1, 'ok': 1, 'fail': 0, 'turned_offline': [], 'recovered': []}
[2026-04-28 13:00:05,094: INFO/Beat] Scheduler: Sending due task probe_devices_every_30s (tasks.probe_devices)
[2026-04-28 13:00:05,102: INFO/MainProcess] Task tasks.probe_devices[384ef55b-74aa-47e9-b33e-c4a93ebcaf6d] received
[2026-04-28 13:00:05,126: INFO/ForkPoolWorker-2] Task tasks.probe_devices[384ef55b-74aa-47e9-b33e-c4a93ebcaf6d] succeeded in 0.023542625000118278s: {'total': 1, 'ok': 1, 'fail': 0, 'turned_offline': [], 'recovered': []}
[2026-04-28 13:00:38,937: INFO/Beat] Scheduler: Sending due task probe_devices_every_30s (tasks.probe_devices)
[2026-04-28 13:00:38,943: INFO/MainProcess] Task tasks.probe_devices[f235dee6-49d1-4d66-823a-77a492d7689a] received
[2026-04-28 13:00:38,968: INFO/ForkPoolWorker-2] Task tasks.probe_devices[f235dee6-49d1-4d66-823a-77a492d7689a] succeeded in 0.02480745799948636s: {'total': 1, 'ok': 1, 'fail': 0, 'turned_offline': [], 'recovered': []}
[2026-04-28 13:01:08,937: INFO/Beat] Scheduler: Sending due task probe_devices_every_30s (tasks.probe_devices)
[2026-04-28 13:01:08,944: INFO/MainProcess] Task tasks.probe_devices[4badb64c-0bba-495c-8c54-257358d17494] received
[2026-04-28 13:01:08,966: INFO/ForkPoolWorker-2] Task tasks.probe_devices[4badb64c-0bba-495c-8c54-257358d17494] succeeded in 0.022296790999462246s: {'total': 1, 'ok': 1, 'fail': 0, 'turned_offline': [], 'recovered': []}
[2026-04-28 13:01:41,780: INFO/Beat] Scheduler: Sending due task probe_devices_every_30s (tasks.probe_devices)
[2026-04-28 13:01:41,788: INFO/MainProcess] Task tasks.probe_devices[91bc0c4f-4f3c-4322-88c3-3e42d021a065] received
[2026-04-28 13:01:41,812: INFO/ForkPoolWorker-2] Task tasks.probe_devices[91bc0c4f-4f3c-4322-88c3-3e42d021a065] succeeded in 0.023206709000078263s: {'total': 1, 'ok': 1, 'fail': 0, 'turned_offline': [], 'recovered': []}
[2026-04-28 13:02:14,560: INFO/Beat] Scheduler: Sending due task probe_devices_every_30s (tasks.probe_devices)
[2026-04-28 13:02:14,569: INFO/MainProcess] Task tasks.probe_devices[43a8cbfc-f7d7-4207-ad43-c0f3f5b97bf2] received
[2026-04-28 13:02:14,593: INFO/ForkPoolWorker-2] Task tasks.probe_devices[43a8cbfc-f7d7-4207-ad43-c0f3f5b97bf2] succeeded in 0.02397120800014818s: {'total': 1, 'ok': 1, 'fail': 0, 'turned_offline': [], 'recovered': []}
[2026-04-28 13:02:44,560: INFO/Beat] Scheduler: Sending due task probe_devices_every_30s (tasks.probe_devices)
[2026-04-28 13:02:44,567: INFO/MainProcess] Task tasks.probe_devices[48665980-73b7-4766-b114-3470f7e03497] received
[2026-04-28 13:02:44,592: INFO/ForkPoolWorker-2] Task tasks.probe_devices[48665980-73b7-4766-b114-3470f7e03497] succeeded in 0.023947916000906844s: {'total': 1, 'ok': 1, 'fail': 0, 'turned_offline': [], 'recovered': []}
[2026-04-28 13:03:18,372: INFO/Beat] Scheduler: Sending due task probe_devices_every_30s (tasks.probe_devices)
[2026-04-28 13:03:18,380: INFO/MainProcess] Task tasks.probe_devices[2793a46e-0098-4fb4-bd92-e9847e703423] received
[2026-04-28 13:03:18,404: INFO/ForkPoolWorker-2] Task tasks.probe_devices[2793a46e-0098-4fb4-bd92-e9847e703423] succeeded in 0.02323979200082249s: {'total': 1, 'ok': 1, 'fail': 0, 'turned_offline': [], 'recovered': []}
[2026-04-28 13:03:51,188: INFO/Beat] Scheduler: Sending due task probe_devices_every_30s (tasks.probe_devices)
[2026-04-28 13:03:51,199: INFO/MainProcess] Task tasks.probe_devices[e2603926-0e4e-4e0a-9546-a89d5e4b9bde] received
[2026-04-28 13:03:51,224: INFO/ForkPoolWorker-2] Task tasks.probe_devices[e2603926-0e4e-4e0a-9546-a89d5e4b9bde] succeeded in 0.024270500000056927s: {'total': 1, 'ok': 1, 'fail': 0, 'turned_offline': [], 'recovered': []}
[2026-04-28 13:04:21,188: INFO/Beat] Scheduler: Sending due task probe_devices_every_30s (tasks.probe_devices)
[2026-04-28 13:04:21,194: INFO/MainProcess] Task tasks.probe_devices[a66ff1e3-7cbe-4415-a7a7-04fdfffaaedc] received
[2026-04-28 13:04:21,220: INFO/ForkPoolWorker-2] Task tasks.probe_devices[a66ff1e3-7cbe-4415-a7a7-04fdfffaaedc] succeeded in 0.025632041000790196s: {'total': 1, 'ok': 1, 'fail': 0, 'turned_offline': [], 'recovered': []}
[2026-04-28 13:04:54,012: INFO/Beat] Scheduler: Sending due task probe_devices_every_30s (tasks.probe_devices)
[2026-04-28 13:04:54,021: INFO/MainProcess] Task tasks.probe_devices[814a8d96-a82b-4ab5-8e21-677d65b0faa9] received
[2026-04-28 13:04:54,045: INFO/ForkPoolWorker-2] Task tasks.probe_devices[814a8d96-a82b-4ab5-8e21-677d65b0faa9] succeeded in 0.023237041999891517s: {'total': 1, 'ok': 1, 'fail': 0, 'turned_offline': [], 'recovered': []}
[2026-04-28 13:05:24,012: INFO/Beat] Scheduler: Sending due task probe_devices_every_30s (tasks.probe_devices)
[2026-04-28 13:05:24,018: INFO/MainProcess] Task tasks.probe_devices[f1eced2f-0fe6-43f2-9ad7-77f7bb55baed] received
[2026-04-28 13:05:24,045: INFO/ForkPoolWorker-2] Task tasks.probe_devices[f1eced2f-0fe6-43f2-9ad7-77f7bb55baed] succeeded in 0.026016707999588107s: {'total': 1, 'ok': 1, 'fail': 0, 'turned_offline': [], 'recovered': []}
[2026-04-28 13:05:54,012: INFO/Beat] Scheduler: Sending due task probe_devices_every_30s (tasks.probe_devices)
[2026-04-28 13:05:54,021: INFO/MainProcess] Task tasks.probe_devices[89c17841-adeb-4f0d-89ec-d13beb289864] received
[2026-04-28 13:05:54,047: INFO/ForkPoolWorker-2] Task tasks.probe_devices[89c17841-adeb-4f0d-89ec-d13beb289864] succeeded in 0.025377291000040714s: {'total': 1, 'ok': 1, 'fail': 0, 'turned_offline': [], 'recovered': []}
[2026-04-28 13:06:24,012: INFO/Beat] Scheduler: Sending due task probe_devices_every_30s (tasks.probe_devices)
[2026-04-28 13:06:24,026: INFO/MainProcess] Task tasks.probe_devices[40afee21-872a-41fd-b48a-f86f5c599a09] received
[2026-04-28 13:06:24,051: INFO/ForkPoolWorker-2] Task tasks.probe_devices[40afee21-872a-41fd-b48a-f86f5c599a09] succeeded in 0.025014666998686153s: {'total': 1, 'ok': 1, 'fail': 0, 'turned_offline': [], 'recovered': []}
[2026-04-28 13:06:54,012: INFO/Beat] Scheduler: Sending due task probe_devices_every_30s (tasks.probe_devices)
[2026-04-28 13:06:54,023: INFO/MainProcess] Task tasks.probe_devices[6906dd40-46fd-454c-8409-119870b6a4e2] received
[2026-04-28 13:06:54,048: INFO/ForkPoolWorker-2] Task tasks.probe_devices[6906dd40-46fd-454c-8409-119870b6a4e2] succeeded in 0.024149249999027234s: {'total': 1, 'ok': 1, 'fail': 0, 'turned_offline': [], 'recovered': []}
[2026-04-28 13:07:24,012: INFO/Beat] Scheduler: Sending due task probe_devices_every_30s (tasks.probe_devices)
[2026-04-28 13:07:24,027: INFO/MainProcess] Task tasks.probe_devices[68532e55-d371-4f51-b482-a9d4e2e8f5ac] received
[2026-04-28 13:07:24,052: INFO/ForkPoolWorker-2] Task tasks.probe_devices[68532e55-d371-4f51-b482-a9d4e2e8f5ac] succeeded in 0.02434312500008673s: {'total': 1, 'ok': 1, 'fail': 0, 'turned_offline': [], 'recovered': []}
[2026-04-28 13:07:54,012: INFO/Beat] Scheduler: Sending due task probe_devices_every_30s (tasks.probe_devices)
[2026-04-28 13:07:54,022: INFO/MainProcess] Task tasks.probe_devices[91618b01-1a79-4780-a3fe-c75641e8434e] received
[2026-04-28 13:07:54,048: INFO/ForkPoolWorker-2] Task tasks.probe_devices[91618b01-1a79-4780-a3fe-c75641e8434e] succeeded in 0.025877500000206055s: {'total': 1, 'ok': 1, 'fail': 0, 'turned_offline': [], 'recovered': []}
[2026-04-28 13:08:24,012: INFO/Beat] Scheduler: Sending due task probe_devices_every_30s (tasks.probe_devices)
[2026-04-28 13:08:24,021: INFO/MainProcess] Task tasks.probe_devices[affcdcb3-c9ae-4900-8fcc-aa098252223c] received
[2026-04-28 13:08:24,046: INFO/ForkPoolWorker-2] Task tasks.probe_devices[affcdcb3-c9ae-4900-8fcc-aa098252223c] succeeded in 0.02407320800011803s: {'total': 1, 'ok': 1, 'fail': 0, 'turned_offline': [], 'recovered': []}
[2026-04-28 13:08:54,012: INFO/Beat] Scheduler: Sending due task probe_devices_every_30s (tasks.probe_devices)
[2026-04-28 13:08:54,019: INFO/MainProcess] Task tasks.probe_devices[96f28565-558f-436d-b55e-9273fd66522c] received
[2026-04-28 13:08:54,045: INFO/ForkPoolWorker-2] Task tasks.probe_devices[96f28565-558f-436d-b55e-9273fd66522c] succeeded in 0.02549445800104877s: {'total': 1, 'ok': 1, 'fail': 0, 'turned_offline': [], 'recovered': []}
[2026-04-28 13:09:24,012: INFO/Beat] Scheduler: Sending due task probe_devices_every_30s (tasks.probe_devices)
[2026-04-28 13:09:24,019: INFO/MainProcess] Task tasks.probe_devices[bfe7b863-4472-4c30-a80f-1dc058ddb24c] received
[2026-04-28 13:09:24,043: INFO/ForkPoolWorker-2] Task tasks.probe_devices[bfe7b863-4472-4c30-a80f-1dc058ddb24c] succeeded in 0.023557000000437256s: {'total': 1, 'ok': 1, 'fail': 0, 'turned_offline': [], 'recovered': []}
[2026-04-28 13:09:54,012: INFO/Beat] Scheduler: Sending due task probe_devices_every_30s (tasks.probe_devices)
[2026-04-28 13:09:54,023: INFO/MainProcess] Task tasks.probe_devices[4bad2312-52c2-4b68-bf83-04c74dc36a59] received
[2026-04-28 13:09:54,050: INFO/ForkPoolWorker-2] Task tasks.probe_devices[4bad2312-52c2-4b68-bf83-04c74dc36a59] succeeded in 0.026844292000532732s: {'total': 1, 'ok': 1, 'fail': 0, 'turned_offline': [], 'recovered': []}
[2026-04-28 13:10:24,012: INFO/Beat] Scheduler: Sending due task probe_devices_every_30s (tasks.probe_devices)
[2026-04-28 13:10:24,020: INFO/MainProcess] Task tasks.probe_devices[d45282ea-d2b0-4ad5-aa3a-d214718a1b5b] received
[2026-04-28 13:10:24,044: INFO/ForkPoolWorker-2] Task tasks.probe_devices[d45282ea-d2b0-4ad5-aa3a-d214718a1b5b] succeeded in 0.023262583001269377s: {'total': 1, 'ok': 1, 'fail': 0, 'turned_offline': [], 'recovered': []}
[2026-04-28 13:10:54,012: INFO/Beat] Scheduler: Sending due task probe_devices_every_30s (tasks.probe_devices)
[2026-04-28 13:10:54,019: INFO/MainProcess] Task tasks.probe_devices[61df5540-d02f-4427-a990-e81e1eb3fa66] received
[2026-04-28 13:10:54,045: INFO/ForkPoolWorker-2] Task tasks.probe_devices[61df5540-d02f-4427-a990-e81e1eb3fa66] succeeded in 0.02527537499918253s: {'total': 1, 'ok': 1, 'fail': 0, 'turned_offline': [], 'recovered': []}
[2026-04-28 13:11:24,012: INFO/Beat] Scheduler: Sending due task probe_devices_every_30s (tasks.probe_devices)
[2026-04-28 13:11:24,020: INFO/MainProcess] Task tasks.probe_devices[2f4a86ea-dc13-4dd6-a2a6-e7db6ef05a1b] received
[2026-04-28 13:11:24,045: INFO/ForkPoolWorker-2] Task tasks.probe_devices[2f4a86ea-dc13-4dd6-a2a6-e7db6ef05a1b] succeeded in 0.024129999999786378s: {'total': 1, 'ok': 1, 'fail': 0, 'turned_offline': [], 'recovered': []}
[2026-04-28 13:11:54,012: INFO/Beat] Scheduler: Sending due task probe_devices_every_30s (tasks.probe_devices)
[2026-04-28 13:11:54,023: INFO/MainProcess] Task tasks.probe_devices[3f684495-1e9f-44c5-96b4-c4f28e96954a] received
[2026-04-28 13:11:54,047: INFO/ForkPoolWorker-2] Task tasks.probe_devices[3f684495-1e9f-44c5-96b4-c4f28e96954a] succeeded in 0.023702208000031533s: {'total': 1, 'ok': 1, 'fail': 0, 'turned_offline': [], 'recovered': []}
[2026-04-28 13:12:24,012: INFO/Beat] Scheduler: Sending due task probe_devices_every_30s (tasks.probe_devices)
[2026-04-28 13:12:24,020: INFO/MainProcess] Task tasks.probe_devices[ce51ec48-21a0-4cbd-899e-c34def297eec] received
[2026-04-28 13:12:24,045: INFO/ForkPoolWorker-2] Task tasks.probe_devices[ce51ec48-21a0-4cbd-899e-c34def297eec] succeeded in 0.023889083000540268s: {'total': 1, 'ok': 1, 'fail': 0, 'turned_offline': [], 'recovered': []}
[2026-04-28 13:12:54,012: INFO/Beat] Scheduler: Sending due task probe_devices_every_30s (tasks.probe_devices)
[2026-04-28 13:12:54,021: INFO/MainProcess] Task tasks.probe_devices[7b5f0368-f7c6-4a8f-b07d-6cd5a15c8b75] received
[2026-04-28 13:12:54,047: INFO/ForkPoolWorker-2] Task tasks.probe_devices[7b5f0368-f7c6-4a8f-b07d-6cd5a15c8b75] succeeded in 0.025421917000130634s: {'total': 1, 'ok': 1, 'fail': 0, 'turned_offline': [], 'recovered': []}
[2026-04-28 13:13:24,012: INFO/Beat] Scheduler: Sending due task probe_devices_every_30s (tasks.probe_devices)
[2026-04-28 13:13:24,021: INFO/MainProcess] Task tasks.probe_devices[9c4daf72-ba6c-499d-a00f-b5332d671eae] received
[2026-04-28 13:13:24,047: INFO/ForkPoolWorker-2] Task tasks.probe_devices[9c4daf72-ba6c-499d-a00f-b5332d671eae] succeeded in 0.025287333000960643s: {'total': 1, 'ok': 1, 'fail': 0, 'turned_offline': [], 'recovered': []}
[2026-04-28 13:13:54,012: INFO/Beat] Scheduler: Sending due task probe_devices_every_30s (tasks.probe_devices)
[2026-04-28 13:13:54,022: INFO/MainProcess] Task tasks.probe_devices[2dff1a2d-ea5e-44e6-ae09-7d50bdcc1c7d] received
[2026-04-28 13:13:54,046: INFO/ForkPoolWorker-2] Task tasks.probe_devices[2dff1a2d-ea5e-44e6-ae09-7d50bdcc1c7d] succeeded in 0.023392208000586834s: {'total': 1, 'ok': 1, 'fail': 0, 'turned_offline': [], 'recovered': []}
[2026-04-28 13:14:24,012: INFO/Beat] Scheduler: Sending due task probe_devices_every_30s (tasks.probe_devices)
[2026-04-28 13:14:24,022: INFO/MainProcess] Task tasks.probe_devices[ca3af874-29a6-4bdd-b53e-9d660a8058db] received
[2026-04-28 13:14:24,048: INFO/ForkPoolWorker-2] Task tasks.probe_devices[ca3af874-29a6-4bdd-b53e-9d660a8058db] succeeded in 0.02509825000015553s: {'total': 1, 'ok': 1, 'fail': 0, 'turned_offline': [], 'recovered': []}
[2026-04-28 13:14:54,012: INFO/Beat] Scheduler: Sending due task probe_devices_every_30s (tasks.probe_devices)
[2026-04-28 13:14:54,021: INFO/MainProcess] Task tasks.probe_devices[d6754543-bab9-4b03-9e98-5b1929da4529] received
[2026-04-28 13:14:54,044: INFO/ForkPoolWorker-2] Task tasks.probe_devices[d6754543-bab9-4b03-9e98-5b1929da4529] succeeded in 0.022510749999128166s: {'total': 1, 'ok': 1, 'fail': 0, 'turned_offline': [], 'recovered': []}
[2026-04-28 13:15:24,012: INFO/Beat] Scheduler: Sending due task probe_devices_every_30s (tasks.probe_devices)
[2026-04-28 13:15:24,021: INFO/MainProcess] Task tasks.probe_devices[1debf761-49c8-405d-a2ad-7860735bcd1f] received
[2026-04-28 13:15:24,049: INFO/ForkPoolWorker-2] Task tasks.probe_devices[1debf761-49c8-405d-a2ad-7860735bcd1f] succeeded in 0.027746083000238286s: {'total': 1, 'ok': 1, 'fail': 0, 'turned_offline': [], 'recovered': []}
[2026-04-28 13:15:54,012: INFO/Beat] Scheduler: Sending due task probe_devices_every_30s (tasks.probe_devices)
[2026-04-28 13:15:54,021: INFO/MainProcess] Task tasks.probe_devices[47be2bf3-4f45-4c97-b98a-febcf895ed5d] received
[2026-04-28 13:15:54,048: INFO/ForkPoolWorker-2] Task tasks.probe_devices[47be2bf3-4f45-4c97-b98a-febcf895ed5d] succeeded in 0.026288208999176277s: {'total': 1, 'ok': 1, 'fail': 0, 'turned_offline': [], 'recovered': []}
[2026-04-28 13:16:24,013: INFO/Beat] Scheduler: Sending due task probe_devices_every_30s (tasks.probe_devices)
[2026-04-28 13:16:24,019: INFO/MainProcess] Task tasks.probe_devices[a32c8730-02ff-4f59-a8e0-1f17f2e5e295] received
[2026-04-28 13:16:24,046: INFO/ForkPoolWorker-2] Task tasks.probe_devices[a32c8730-02ff-4f59-a8e0-1f17f2e5e295] succeeded in 0.02602137499889068s: {'total': 1, 'ok': 1, 'fail': 0, 'turned_offline': [], 'recovered': []}
[2026-04-28 13:16:54,013: INFO/Beat] Scheduler: Sending due task probe_devices_every_30s (tasks.probe_devices)
[2026-04-28 13:16:54,019: INFO/MainProcess] Task tasks.probe_devices[828104ac-4377-4268-9589-226c05ae15c5] received
[2026-04-28 13:16:54,043: INFO/ForkPoolWorker-2] Task tasks.probe_devices[828104ac-4377-4268-9589-226c05ae15c5] succeeded in 0.023713541000688565s: {'total': 1, 'ok': 1, 'fail': 0, 'turned_offline': [], 'recovered': []}
[2026-04-28 13:17:24,013: INFO/Beat] Scheduler: Sending due task probe_devices_every_30s (tasks.probe_devices)
[2026-04-28 13:17:24,022: INFO/MainProcess] Task tasks.probe_devices[f62cde82-57fc-4f24-88c6-bfaac026c413] received
[2026-04-28 13:17:24,049: INFO/ForkPoolWorker-2] Task tasks.probe_devices[f62cde82-57fc-4f24-88c6-bfaac026c413] succeeded in 0.02631666700108326s: {'total': 1, 'ok': 1, 'fail': 0, 'turned_offline': [], 'recovered': []}
[2026-04-28 13:17:54,013: INFO/Beat] Scheduler: Sending due task probe_devices_every_30s (tasks.probe_devices)
[2026-04-28 13:17:54,020: INFO/MainProcess] Task tasks.probe_devices[122728fb-2dac-4281-8826-a7267e977472] received
[2026-04-28 13:17:54,049: INFO/ForkPoolWorker-2] Task tasks.probe_devices[122728fb-2dac-4281-8826-a7267e977472] succeeded in 0.027849000000060187s: {'total': 1, 'ok': 1, 'fail': 0, 'turned_offline': [], 'recovered': []}
[2026-04-28 13:18:24,013: INFO/Beat] Scheduler: Sending due task probe_devices_every_30s (tasks.probe_devices)
[2026-04-28 13:18:24,021: INFO/MainProcess] Task tasks.probe_devices[adf96a75-a3e4-463d-bd6f-405a93276c7e] received
[2026-04-28 13:18:24,049: INFO/ForkPoolWorker-2] Task tasks.probe_devices[adf96a75-a3e4-463d-bd6f-405a93276c7e] succeeded in 0.027606208999714s: {'total': 1, 'ok': 1, 'fail': 0, 'turned_offline': [], 'recovered': []}
[2026-04-28 13:18:54,013: INFO/Beat] Scheduler: Sending due task probe_devices_every_30s (tasks.probe_devices)
[2026-04-28 13:18:54,020: INFO/MainProcess] Task tasks.probe_devices[3aac1e06-8f08-45ef-a064-7aa20bdff7f0] received
[2026-04-28 13:18:54,048: INFO/ForkPoolWorker-2] Task tasks.probe_devices[3aac1e06-8f08-45ef-a064-7aa20bdff7f0] succeeded in 0.02677883400065184s: {'total': 1, 'ok': 1, 'fail': 0, 'turned_offline': [], 'recovered': []}
[2026-04-28 13:19:24,013: INFO/Beat] Scheduler: Sending due task probe_devices_every_30s (tasks.probe_devices)
[2026-04-28 13:19:24,019: INFO/MainProcess] Task tasks.probe_devices[97b0105a-f58a-4cc0-814a-62f49c9a246f] received
[2026-04-28 13:19:24,043: INFO/ForkPoolWorker-2] Task tasks.probe_devices[97b0105a-f58a-4cc0-814a-62f49c9a246f] succeeded in 0.023897416998806875s: {'total': 1, 'ok': 1, 'fail': 0, 'turned_offline': [], 'recovered': []}
[2026-04-28 13:19:54,013: INFO/Beat] Scheduler: Sending due task probe_devices_every_30s (tasks.probe_devices)
[2026-04-28 13:19:54,020: INFO/MainProcess] Task tasks.probe_devices[fc622373-2d9b-403a-aeac-2ce5c04be897] received
[2026-04-28 13:19:54,046: INFO/ForkPoolWorker-2] Task tasks.probe_devices[fc622373-2d9b-403a-aeac-2ce5c04be897] succeeded in 0.02485158300078183s: {'total': 1, 'ok': 1, 'fail': 0, 'turned_offline': [], 'recovered': []}
[2026-04-28 13:20:24,013: INFO/Beat] Scheduler: Sending due task probe_devices_every_30s (tasks.probe_devices)
[2026-04-28 13:20:24,020: INFO/MainProcess] Task tasks.probe_devices[4271d57f-7b1e-4bb4-9e07-9b1746382bdb] received
[2026-04-28 13:20:24,046: INFO/ForkPoolWorker-2] Task tasks.probe_devices[4271d57f-7b1e-4bb4-9e07-9b1746382bdb] succeeded in 0.025569999999788706s: {'total': 1, 'ok': 1, 'fail': 0, 'turned_offline': [], 'recovered': []}
[2026-04-28 13:20:54,013: INFO/Beat] Scheduler: Sending due task probe_devices_every_30s (tasks.probe_devices)
[2026-04-28 13:20:54,023: INFO/MainProcess] Task tasks.probe_devices[028c918f-7613-467c-8902-93b217a579cf] received
[2026-04-28 13:20:54,047: INFO/ForkPoolWorker-2] Task tasks.probe_devices[028c918f-7613-467c-8902-93b217a579cf] succeeded in 0.02425829200001317s: {'total': 1, 'ok': 1, 'fail': 0, 'turned_offline': [], 'recovered': []}
[2026-04-28 13:21:24,013: INFO/Beat] Scheduler: Sending due task probe_devices_every_30s (tasks.probe_devices)
[2026-04-28 13:21:24,022: INFO/MainProcess] Task tasks.probe_devices[3e9802e7-d2af-49f5-8f26-b26c50642a9e] received
[2026-04-28 13:21:24,048: INFO/ForkPoolWorker-2] Task tasks.probe_devices[3e9802e7-d2af-49f5-8f26-b26c50642a9e] succeeded in 0.025482832999841776s: {'total': 1, 'ok': 1, 'fail': 0, 'turned_offline': [], 'recovered': []}
[2026-04-28 13:21:54,013: INFO/Beat] Scheduler: Sending due task probe_devices_every_30s (tasks.probe_devices)
[2026-04-28 13:21:54,021: INFO/MainProcess] Task tasks.probe_devices[1b116e4d-d49c-4d39-8b6c-d6a575c03079] received
[2026-04-28 13:21:54,046: INFO/ForkPoolWorker-2] Task tasks.probe_devices[1b116e4d-d49c-4d39-8b6c-d6a575c03079] succeeded in 0.024199540999688907s: {'total': 1, 'ok': 1, 'fail': 0, 'turned_offline': [], 'recovered': []}
[2026-04-28 13:22:24,013: INFO/Beat] Scheduler: Sending due task probe_devices_every_30s (tasks.probe_devices)
[2026-04-28 13:22:24,018: INFO/MainProcess] Task tasks.probe_devices[d317d87f-ee54-4e53-96af-8558ff0f420f] received
[2026-04-28 13:22:24,043: INFO/ForkPoolWorker-2] Task tasks.probe_devices[d317d87f-ee54-4e53-96af-8558ff0f420f] succeeded in 0.02489508300095622s: {'total': 1, 'ok': 1, 'fail': 0, 'turned_offline': [], 'recovered': []}
[2026-04-28 13:22:54,013: INFO/Beat] Scheduler: Sending due task probe_devices_every_30s (tasks.probe_devices)
[2026-04-28 13:22:54,018: INFO/MainProcess] Task tasks.probe_devices[00eda4e3-0036-43b3-aee0-81a600a92b4c] received
[2026-04-28 13:22:54,043: INFO/ForkPoolWorker-2] Task tasks.probe_devices[00eda4e3-0036-43b3-aee0-81a600a92b4c] succeeded in 0.024609041000076104s: {'total': 1, 'ok': 1, 'fail': 0, 'turned_offline': [], 'recovered': []}
[2026-04-28 13:23:24,013: INFO/Beat] Scheduler: Sending due task probe_devices_every_30s (tasks.probe_devices)
[2026-04-28 13:23:24,022: INFO/MainProcess] Task tasks.probe_devices[0ddf90fd-3988-4944-b5c4-417bcea279f2] received
[2026-04-28 13:23:24,048: INFO/ForkPoolWorker-2] Task tasks.probe_devices[0ddf90fd-3988-4944-b5c4-417bcea279f2] succeeded in 0.024706625001272187s: {'total': 1, 'ok': 1, 'fail': 0, 'turned_offline': [], 'recovered': []}
[2026-04-28 13:23:54,013: INFO/Beat] Scheduler: Sending due task probe_devices_every_30s (tasks.probe_devices)
[2026-04-28 13:23:54,022: INFO/MainProcess] Task tasks.probe_devices[fa051f55-8dea-4eef-a6d5-4b06c2f3bd01] received
[2026-04-28 13:23:54,045: INFO/ForkPoolWorker-2] Task tasks.probe_devices[fa051f55-8dea-4eef-a6d5-4b06c2f3bd01] succeeded in 0.02295662500000617s: {'total': 1, 'ok': 1, 'fail': 0, 'turned_offline': [], 'recovered': []}
[2026-04-28 13:24:24,013: INFO/Beat] Scheduler: Sending due task probe_devices_every_30s (tasks.probe_devices)
[2026-04-28 13:24:24,019: INFO/MainProcess] Task tasks.probe_devices[b523eb2d-69b4-44a5-b23c-de4ae62eaee6] received
[2026-04-28 13:24:24,044: INFO/ForkPoolWorker-2] Task tasks.probe_devices[b523eb2d-69b4-44a5-b23c-de4ae62eaee6] succeeded in 0.02479187499920954s: {'total': 1, 'ok': 1, 'fail': 0, 'turned_offline': [], 'recovered': []}
[2026-04-28 13:24:54,013: INFO/Beat] Scheduler: Sending due task probe_devices_every_30s (tasks.probe_devices)
[2026-04-28 13:24:54,020: INFO/MainProcess] Task tasks.probe_devices[69c5ce7b-938e-4f7a-add0-009b9fc8286f] received
[2026-04-28 13:24:54,045: INFO/ForkPoolWorker-2] Task tasks.probe_devices[69c5ce7b-938e-4f7a-add0-009b9fc8286f] succeeded in 0.024962041999970097s: {'total': 1, 'ok': 1, 'fail': 0, 'turned_offline': [], 'recovered': []}
[2026-04-28 13:25:24,013: INFO/Beat] Scheduler: Sending due task probe_devices_every_30s (tasks.probe_devices)
[2026-04-28 13:25:24,023: INFO/MainProcess] Task tasks.probe_devices[b61e4bb8-0f8f-4fe2-bc4e-da97f1f4e83f] received
[2026-04-28 13:25:24,048: INFO/ForkPoolWorker-2] Task tasks.probe_devices[b61e4bb8-0f8f-4fe2-bc4e-da97f1f4e83f] succeeded in 0.024391999999352265s: {'total': 1, 'ok': 1, 'fail': 0, 'turned_offline': [], 'recovered': []}
[2026-04-28 13:25:54,013: INFO/Beat] Scheduler: Sending due task probe_devices_every_30s (tasks.probe_devices)
[2026-04-28 13:25:54,018: INFO/MainProcess] Task tasks.probe_devices[6dad95f1-22fe-417e-b70c-93f2a8587880] received
[2026-04-28 13:25:54,046: INFO/ForkPoolWorker-2] Task tasks.probe_devices[6dad95f1-22fe-417e-b70c-93f2a8587880] succeeded in 0.027467042000353104s: {'total': 1, 'ok': 1, 'fail': 0, 'turned_offline': [], 'recovered': []}
[2026-04-28 13:26:24,013: INFO/Beat] Scheduler: Sending due task probe_devices_every_30s (tasks.probe_devices)
[2026-04-28 13:26:24,022: INFO/MainProcess] Task tasks.probe_devices[559c3af4-fa54-4f2b-ac54-21ee052e0946] received
[2026-04-28 13:26:24,047: INFO/ForkPoolWorker-2] Task tasks.probe_devices[559c3af4-fa54-4f2b-ac54-21ee052e0946] succeeded in 0.02459816599912301s: {'total': 1, 'ok': 1, 'fail': 0, 'turned_offline': [], 'recovered': []}
[2026-04-28 13:26:54,013: INFO/Beat] Scheduler: Sending due task probe_devices_every_30s (tasks.probe_devices)
[2026-04-28 13:26:54,023: INFO/MainProcess] Task tasks.probe_devices[807962a2-6b1d-454a-9252-d8f3dd7b4e30] received
[2026-04-28 13:26:54,051: INFO/ForkPoolWorker-2] Task tasks.probe_devices[807962a2-6b1d-454a-9252-d8f3dd7b4e30] succeeded in 0.02673999999933585s: {'total': 1, 'ok': 1, 'fail': 0, 'turned_offline': [], 'recovered': []}
[2026-04-28 13:27:24,013: INFO/Beat] Scheduler: Sending due task probe_devices_every_30s (tasks.probe_devices)
[2026-04-28 13:27:24,022: INFO/MainProcess] Task tasks.probe_devices[567ed2cb-8af6-4e2c-b1b2-d51129a9e45d] received
[2026-04-28 13:27:24,046: INFO/ForkPoolWorker-2] Task tasks.probe_devices[567ed2cb-8af6-4e2c-b1b2-d51129a9e45d] succeeded in 0.02442125000015949s: {'total': 1, 'ok': 1, 'fail': 0, 'turned_offline': [], 'recovered': []}
[2026-04-28 13:27:54,013: INFO/Beat] Scheduler: Sending due task probe_devices_every_30s (tasks.probe_devices)
[2026-04-28 13:27:54,023: INFO/MainProcess] Task tasks.probe_devices[d01a2bf0-2e7e-40ca-818d-a6ff4c5c63a7] received
[2026-04-28 13:27:54,047: INFO/ForkPoolWorker-2] Task tasks.probe_devices[d01a2bf0-2e7e-40ca-818d-a6ff4c5c63a7] succeeded in 0.023813624999093008s: {'total': 1, 'ok': 1, 'fail': 0, 'turned_offline': [], 'recovered': []}
[2026-04-28 13:28:24,013: INFO/Beat] Scheduler: Sending due task probe_devices_every_30s (tasks.probe_devices)
[2026-04-28 13:28:24,020: INFO/MainProcess] Task tasks.probe_devices[b9c8bffa-80e4-45f5-be15-2b67b82df1cc] received
[2026-04-28 13:28:24,050: INFO/ForkPoolWorker-2] Task tasks.probe_devices[b9c8bffa-80e4-45f5-be15-2b67b82df1cc] succeeded in 0.02962991700042039s: {'total': 1, 'ok': 1, 'fail': 0, 'turned_offline': [], 'recovered': []}
[2026-04-28 13:28:54,013: INFO/Beat] Scheduler: Sending due task probe_devices_every_30s (tasks.probe_devices)
[2026-04-28 13:28:54,022: INFO/MainProcess] Task tasks.probe_devices[4fa945f0-591a-4640-8d4c-b9c53d655a58] received
[2026-04-28 13:28:54,048: INFO/ForkPoolWorker-2] Task tasks.probe_devices[4fa945f0-591a-4640-8d4c-b9c53d655a58] succeeded in 0.025580125000487897s: {'total': 1, 'ok': 1, 'fail': 0, 'turned_offline': [], 'recovered': []}
[2026-04-28 13:29:24,013: INFO/Beat] Scheduler: Sending due task probe_devices_every_30s (tasks.probe_devices)
[2026-04-28 13:29:24,018: INFO/MainProcess] Task tasks.probe_devices[6def60a0-6f19-44ba-9bb9-fbc627438767] received
[2026-04-28 13:29:24,044: INFO/ForkPoolWorker-2] Task tasks.probe_devices[6def60a0-6f19-44ba-9bb9-fbc627438767] succeeded in 0.025473375000728993s: {'total': 1, 'ok': 1, 'fail': 0, 'turned_offline': [], 'recovered': []}
[2026-04-28 13:29:54,013: INFO/Beat] Scheduler: Sending due task probe_devices_every_30s (tasks.probe_devices)
[2026-04-28 13:29:54,024: INFO/MainProcess] Task tasks.probe_devices[cd3d909c-2b68-4470-81b4-7768b4733c6d] received
[2026-04-28 13:29:54,058: INFO/ForkPoolWorker-2] Task tasks.probe_devices[cd3d909c-2b68-4470-81b4-7768b4733c6d] succeeded in 0.033396208000340266s: {'total': 1, 'ok': 1, 'fail': 0, 'turned_offline': [], 'recovered': []}
[2026-04-28 13:30:24,013: INFO/Beat] Scheduler: Sending due task probe_devices_every_30s (tasks.probe_devices)
[2026-04-28 13:30:24,017: INFO/MainProcess] Task tasks.probe_devices[2461de22-c3d2-44b2-aa83-43a3f8bcff0d] received
[2026-04-28 13:30:24,041: INFO/ForkPoolWorker-2] Task tasks.probe_devices[2461de22-c3d2-44b2-aa83-43a3f8bcff0d] succeeded in 0.023632750000615488s: {'total': 1, 'ok': 1, 'fail': 0, 'turned_offline': [], 'recovered': []}
[2026-04-28 13:30:54,013: INFO/Beat] Scheduler: Sending due task probe_devices_every_30s (tasks.probe_devices)
[2026-04-28 13:30:54,023: INFO/MainProcess] Task tasks.probe_devices[edcc426a-93de-40cb-a646-a6ff142ce399] received
[2026-04-28 13:30:54,049: INFO/ForkPoolWorker-2] Task tasks.probe_devices[edcc426a-93de-40cb-a646-a6ff142ce399] succeeded in 0.025126292001004913s: {'total': 1, 'ok': 1, 'fail': 0, 'turned_offline': [], 'recovered': []}
[2026-04-28 13:31:24,013: INFO/Beat] Scheduler: Sending due task probe_devices_every_30s (tasks.probe_devices)
[2026-04-28 13:31:24,021: INFO/MainProcess] Task tasks.probe_devices[f720c570-ea69-41af-a650-ce6db7e8ec57] received
[2026-04-28 13:31:24,046: INFO/ForkPoolWorker-2] Task tasks.probe_devices[f720c570-ea69-41af-a650-ce6db7e8ec57] succeeded in 0.024156125000445172s: {'total': 1, 'ok': 1, 'fail': 0, 'turned_offline': [], 'recovered': []}
[2026-04-28 13:31:54,013: INFO/Beat] Scheduler: Sending due task probe_devices_every_30s (tasks.probe_devices)
[2026-04-28 13:31:54,024: INFO/MainProcess] Task tasks.probe_devices[493f1933-bc1e-47db-9a21-8729f069a661] received
[2026-04-28 13:31:54,048: INFO/ForkPoolWorker-2] Task tasks.probe_devices[493f1933-bc1e-47db-9a21-8729f069a661] succeeded in 0.023728707999907783s: {'total': 1, 'ok': 1, 'fail': 0, 'turned_offline': [], 'recovered': []}
[2026-04-28 13:32:24,013: INFO/Beat] Scheduler: Sending due task probe_devices_every_30s (tasks.probe_devices)
[2026-04-28 13:32:24,024: INFO/MainProcess] Task tasks.probe_devices[92bf9e7d-86ac-4bef-903a-a2ce75dbbedb] received
[2026-04-28 13:32:24,050: INFO/ForkPoolWorker-2] Task tasks.probe_devices[92bf9e7d-86ac-4bef-903a-a2ce75dbbedb] succeeded in 0.025572624999767868s: {'total': 1, 'ok': 1, 'fail': 0, 'turned_offline': [], 'recovered': []}
[2026-04-28 13:32:54,013: INFO/Beat] Scheduler: Sending due task probe_devices_every_30s (tasks.probe_devices)
[2026-04-28 13:32:54,022: INFO/MainProcess] Task tasks.probe_devices[fd9c5451-fbe5-491d-82c5-879d5864a042] received
[2026-04-28 13:32:54,049: INFO/ForkPoolWorker-2] Task tasks.probe_devices[fd9c5451-fbe5-491d-82c5-879d5864a042] succeeded in 0.025923208999302005s: {'total': 1, 'ok': 1, 'fail': 0, 'turned_offline': [], 'recovered': []}
[2026-04-28 13:33:24,013: INFO/Beat] Scheduler: Sending due task probe_devices_every_30s (tasks.probe_devices)
[2026-04-28 13:33:24,023: INFO/MainProcess] Task tasks.probe_devices[ac5aacd7-b463-412f-8c21-6e9f81735810] received
[2026-04-28 13:33:24,048: INFO/ForkPoolWorker-2] Task tasks.probe_devices[ac5aacd7-b463-412f-8c21-6e9f81735810] succeeded in 0.02446445900022809s: {'total': 1, 'ok': 1, 'fail': 0, 'turned_offline': [], 'recovered': []}
[2026-04-28 13:33:54,013: INFO/Beat] Scheduler: Sending due task probe_devices_every_30s (tasks.probe_devices)
[2026-04-28 13:33:54,025: INFO/MainProcess] Task tasks.probe_devices[c9d1f9a9-1555-4c7b-b2e4-df6a04a38a99] received
[2026-04-28 13:33:54,049: INFO/ForkPoolWorker-2] Task tasks.probe_devices[c9d1f9a9-1555-4c7b-b2e4-df6a04a38a99] succeeded in 0.023343500000919448s: {'total': 1, 'ok': 1, 'fail': 0, 'turned_offline': [], 'recovered': []}
[2026-04-28 13:34:24,013: INFO/Beat] Scheduler: Sending due task probe_devices_every_30s (tasks.probe_devices)
[2026-04-28 13:34:24,023: INFO/MainProcess] Task tasks.probe_devices[2af115fa-a535-4779-9a96-b23e483e1de4] received
[2026-04-28 13:34:24,049: INFO/ForkPoolWorker-2] Task tasks.probe_devices[2af115fa-a535-4779-9a96-b23e483e1de4] succeeded in 0.025792832999286475s: {'total': 1, 'ok': 1, 'fail': 0, 'turned_offline': [], 'recovered': []}
[2026-04-28 13:34:54,013: INFO/Beat] Scheduler: Sending due task probe_devices_every_30s (tasks.probe_devices)
[2026-04-28 13:34:54,021: INFO/MainProcess] Task tasks.probe_devices[fda4e2e3-825a-413a-9761-125a0c6a580d] received
[2026-04-28 13:34:54,046: INFO/ForkPoolWorker-2] Task tasks.probe_devices[fda4e2e3-825a-413a-9761-125a0c6a580d] succeeded in 0.02441033300056006s: {'total': 1, 'ok': 1, 'fail': 0, 'turned_offline': [], 'recovered': []}
[2026-04-28 13:35:24,013: INFO/Beat] Scheduler: Sending due task probe_devices_every_30s (tasks.probe_devices)
[2026-04-28 13:35:24,023: INFO/MainProcess] Task tasks.probe_devices[1c283bdd-9e30-4508-903a-c4b770346f31] received
[2026-04-28 13:35:24,048: INFO/ForkPoolWorker-2] Task tasks.probe_devices[1c283bdd-9e30-4508-903a-c4b770346f31] succeeded in 0.02476566699988325s: {'total': 1, 'ok': 1, 'fail': 0, 'turned_offline': [], 'recovered': []}
[2026-04-28 13:35:54,014: INFO/Beat] Scheduler: Sending due task probe_devices_every_30s (tasks.probe_devices)
[2026-04-28 13:35:54,023: INFO/MainProcess] Task tasks.probe_devices[cac3bf35-def1-4450-8828-22ef73ee6c9e] received
[2026-04-28 13:35:54,047: INFO/ForkPoolWorker-2] Task tasks.probe_devices[cac3bf35-def1-4450-8828-22ef73ee6c9e] succeeded in 0.023903541999970912s: {'total': 1, 'ok': 1, 'fail': 0, 'turned_offline': [], 'recovered': []}
[2026-04-28 13:36:24,014: INFO/Beat] Scheduler: Sending due task probe_devices_every_30s (tasks.probe_devices)
[2026-04-28 13:36:24,020: INFO/MainProcess] Task tasks.probe_devices[f672cab3-1677-4735-901c-87b6211f340e] received
[2026-04-28 13:36:24,048: INFO/ForkPoolWorker-2] Task tasks.probe_devices[f672cab3-1677-4735-901c-87b6211f340e] succeeded in 0.02729025000007823s: {'total': 1, 'ok': 1, 'fail': 0, 'turned_offline': [], 'recovered': []}
[2026-04-28 13:36:54,014: INFO/Beat] Scheduler: Sending due task probe_devices_every_30s (tasks.probe_devices)
[2026-04-28 13:36:54,024: INFO/MainProcess] Task tasks.probe_devices[ceaf228e-4ae0-46df-9ccc-79f36fcbdf7f] received
[2026-04-28 13:36:54,049: INFO/ForkPoolWorker-2] Task tasks.probe_devices[ceaf228e-4ae0-46df-9ccc-79f36fcbdf7f] succeeded in 0.024344540999663877s: {'total': 1, 'ok': 1, 'fail': 0, 'turned_offline': [], 'recovered': []}
[2026-04-28 13:37:24,014: INFO/Beat] Scheduler: Sending due task probe_devices_every_30s (tasks.probe_devices)
[2026-04-28 13:37:24,022: INFO/MainProcess] Task tasks.probe_devices[a662904a-505d-46d4-99c1-31dfe8dde500] received
[2026-04-28 13:37:24,049: INFO/ForkPoolWorker-2] Task tasks.probe_devices[a662904a-505d-46d4-99c1-31dfe8dde500] succeeded in 0.02711454199925356s: {'total': 1, 'ok': 1, 'fail': 0, 'turned_offline': [], 'recovered': []}
[2026-04-28 13:37:54,014: INFO/Beat] Scheduler: Sending due task probe_devices_every_30s (tasks.probe_devices)
[2026-04-28 13:37:54,024: INFO/MainProcess] Task tasks.probe_devices[4e88ccca-d362-4910-ad3f-619827eb0591] received
[2026-04-28 13:37:54,051: INFO/ForkPoolWorker-2] Task tasks.probe_devices[4e88ccca-d362-4910-ad3f-619827eb0591] succeeded in 0.027068125000369037s: {'total': 1, 'ok': 1, 'fail': 0, 'turned_offline': [], 'recovered': []}
[2026-04-28 13:38:24,014: INFO/Beat] Scheduler: Sending due task probe_devices_every_30s (tasks.probe_devices)
[2026-04-28 13:38:24,022: INFO/MainProcess] Task tasks.probe_devices[1e835836-c574-430f-8d1c-e4df78943056] received
[2026-04-28 13:38:24,047: INFO/ForkPoolWorker-2] Task tasks.probe_devices[1e835836-c574-430f-8d1c-e4df78943056] succeeded in 0.023925667001094553s: {'total': 1, 'ok': 1, 'fail': 0, 'turned_offline': [], 'recovered': []}
[2026-04-28 13:38:54,014: INFO/Beat] Scheduler: Sending due task probe_devices_every_30s (tasks.probe_devices)
[2026-04-28 13:38:54,024: INFO/MainProcess] Task tasks.probe_devices[0dee9b54-08b7-4945-8c84-f799cee360db] received
[2026-04-28 13:38:54,047: INFO/ForkPoolWorker-2] Task tasks.probe_devices[0dee9b54-08b7-4945-8c84-f799cee360db] succeeded in 0.02178387500134704s: {'total': 1, 'ok': 1, 'fail': 0, 'turned_offline': [], 'recovered': []}
[2026-04-28 13:39:24,014: INFO/Beat] Scheduler: Sending due task probe_devices_every_30s (tasks.probe_devices)
[2026-04-28 13:39:24,022: INFO/MainProcess] Task tasks.probe_devices[b3bd85ca-ff1b-4f12-97f4-0bb30ca99368] received
[2026-04-28 13:39:24,047: INFO/ForkPoolWorker-2] Task tasks.probe_devices[b3bd85ca-ff1b-4f12-97f4-0bb30ca99368] succeeded in 0.024184791998777655s: {'total': 1, 'ok': 1, 'fail': 0, 'turned_offline': [], 'recovered': []}
[2026-04-28 13:39:54,014: INFO/Beat] Scheduler: Sending due task probe_devices_every_30s (tasks.probe_devices)
[2026-04-28 13:39:54,019: INFO/MainProcess] Task tasks.probe_devices[083818ad-cae0-4e62-b27f-eae05df4a4aa] received
[2026-04-28 13:39:54,045: INFO/ForkPoolWorker-2] Task tasks.probe_devices[083818ad-cae0-4e62-b27f-eae05df4a4aa] succeeded in 0.02484191700023075s: {'total': 1, 'ok': 1, 'fail': 0, 'turned_offline': [], 'recovered': []}
[2026-04-28 13:40:24,014: INFO/Beat] Scheduler: Sending due task probe_devices_every_30s (tasks.probe_devices)
[2026-04-28 13:40:24,022: INFO/MainProcess] Task tasks.probe_devices[2beccccc-9934-4c3b-a4fa-0f564076ff03] received
[2026-04-28 13:40:24,046: INFO/ForkPoolWorker-2] Task tasks.probe_devices[2beccccc-9934-4c3b-a4fa-0f564076ff03] succeeded in 0.02345933399919886s: {'total': 1, 'ok': 1, 'fail': 0, 'turned_offline': [], 'recovered': []}
[2026-04-28 13:40:54,014: INFO/Beat] Scheduler: Sending due task probe_devices_every_30s (tasks.probe_devices)
[2026-04-28 13:40:54,024: INFO/MainProcess] Task tasks.probe_devices[e239fa4b-af7e-4c83-86d5-22f3f04d9508] received
[2026-04-28 13:40:54,048: INFO/ForkPoolWorker-2] Task tasks.probe_devices[e239fa4b-af7e-4c83-86d5-22f3f04d9508] succeeded in 0.023759417001201655s: {'total': 1, 'ok': 1, 'fail': 0, 'turned_offline': [], 'recovered': []}
[2026-04-28 13:41:24,014: INFO/Beat] Scheduler: Sending due task probe_devices_every_30s (tasks.probe_devices)
[2026-04-28 13:41:24,021: INFO/MainProcess] Task tasks.probe_devices[a8fabb43-0f96-4231-a162-039471d83009] received
[2026-04-28 13:41:24,045: INFO/ForkPoolWorker-2] Task tasks.probe_devices[a8fabb43-0f96-4231-a162-039471d83009] succeeded in 0.023374583999611787s: {'total': 1, 'ok': 1, 'fail': 0, 'turned_offline': [], 'recovered': []}
